,Cell_Type_Disease
23866,2
76049,4
185912,4
140748,4
47190,4
56233,4
90240,4
131377,4
18571,4
1090,2
96897,4
15110,4
155755,4
38926,3
182817,5
71350,4
58257,4
77208,4
152594,3
101651,4
74549,4
212262,4
89872,4
129061,3
134112,4
97242,4
182122,4
100791,4
210771,1
28667,4
180865,4
19250,4
92089,2
120152,3
37378,2
183346,5
181243,5
30677,5
7143,4
88014,4
26827,4
76885,4
191558,4
41202,3
112108,4
79740,4
204860,5
43565,4
126721,4
68263,4
139187,4
56710,4
33727,1
89804,4
16866,4
106620,4
209805,4
208027,4
211550,4
101576,4
93398,3
208094,4
175134,4
37920,3
193898,4
94149,3
77771,3
145377,3
40465,5
97408,4
199553,4
25578,3
164703,3
201552,4
119776,4
38194,3
109639,4
16247,2
113301,4
147589,4
30336,3
198510,4
32386,4
191685,4
1659,4
55650,3
147369,4
173210,4
65193,4
195153,4
26676,4
16441,4
164604,4
107316,4
82346,4
168093,2
129249,3
190502,4
156929,4
198452,4
33297,4
31291,3
88891,4
144592,3
112151,4
4399,4
65957,3
172640,4
9960,3
183658,4
101874,4
15832,4
104712,3
199702,4
126638,4
125066,3
28826,4
43332,4
41874,4
113577,3
159972,3
105794,4
1711,4
20809,4
97765,4
69499,3
127223,4
107543,4
203002,4
107424,4
20450,4
127125,4
71715,4
141833,4
162786,4
36484,3
10553,4
107093,4
35987,3
164087,4
83418,3
103416,4
79260,4
13702,4
138089,4
17462,4
65367,4
135006,4
86845,3
115522,4
190841,4
161880,3
31282,4
71458,2
23195,4
116354,4
155188,3
61937,3
87293,4
88703,4
45579,3
192515,4
33362,4
184961,5
15414,4
125824,4
5133,3
195812,4
145947,4
151307,4
200381,3
137991,3
7815,2
35745,2
202958,4
28967,4
205640,4
20514,4
115704,4
163000,4
64434,3
144305,4
59396,4
130012,3
114077,3
135525,3
101749,4
112731,4
15066,4
137243,3
8325,5
162245,4
149414,4
29061,2
177515,4
70016,3
150136,4
77285,4
54632,4
199634,4
3494,4
12537,4
17389,1
37862,3
19221,2
88237,4
68697,4
88331,3
194671,4
42289,4
24183,1
171408,4
210742,4
3658,4
20383,4
118359,4
99269,4
131982,4
155444,4
50810,4
37508,1
35926,3
131395,4
191609,5
85752,4
142933,3
73800,4
10767,4
192758,4
25660,4
37657,3
37718,4
110658,4
184367,4
12855,4
189935,4
201511,4
124634,4
210556,2
115229,4
175250,4
30952,4
57088,4
154038,2
121033,3
121961,4
122017,5
161675,4
56375,4
192664,2
64073,4
91615,4
91020,4
59865,4
76923,4
84977,3
78336,2
7959,4
90937,4
192038,4
191042,3
51972,3
19520,2
16843,2
86026,4
125358,4
66751,4
668,4
53643,3
88995,3
98341,3
9969,4
167240,4
51815,4
189057,4
158133,3
103851,4
94664,2
5625,3
61432,4
141712,4
188907,5
163159,4
182265,4
97456,4
8415,4
19821,4
98137,4
131582,2
30935,2
16518,1
124777,4
124989,4
211991,4
3063,4
204147,4
11987,4
100081,4
116427,4
48571,4
58649,4
40174,3
97233,4
26424,4
168558,4
125321,3
83390,4
177764,4
41669,4
89205,4
147663,3
91456,4
194502,4
144761,4
111225,4
44701,4
2956,4
169458,3
117007,3
31599,4
6946,4
76306,4
108018,4
149972,4
89035,4
193500,4
115785,4
36665,3
95113,4
124918,4
101233,4
75704,4
199367,4
54033,4
129921,4
186556,4
142994,4
200525,4
157023,2
121205,3
94290,3
205795,4
169063,3
88736,4
184189,1
101593,4
204687,4
76638,4
39659,4
130440,3
62883,2
13566,4
115851,4
164357,4
140371,4
43104,3
38666,4
3195,4
208005,4
171924,4
83267,4
206638,3
96164,4
39579,4
98527,4
97578,3
184647,4
106294,3
168770,5
86841,4
152226,4
191055,4
56041,3
195290,4
80395,4
50198,3
109979,4
151160,4
137373,3
67477,4
57686,4
204181,4
55356,4
64560,4
24392,3
136167,4
103086,4
177051,4
194070,4
111906,4
205039,4
28502,4
176913,4
164955,3
165861,4
146761,1
163621,4
201351,4
71938,4
29935,4
16150,4
200095,4
29931,3
153209,3
62567,2
145041,3
104764,4
118595,3
27166,4
201636,4
152912,4
180857,1
149958,4
68271,1
112779,4
186826,4
182031,4
96036,3
205982,4
107442,4
172907,4
45212,3
104158,4
68092,4
119234,4
117851,4
160797,3
176123,4
44947,4
15484,4
23917,1
75711,4
96703,4
124615,3
82756,4
141640,3
138225,4
75055,4
105235,4
106656,4
115960,4
2538,4
108080,4
200121,4
115997,3
11895,4
9300,5
13610,4
183350,4
93014,4
169286,2
101478,4
87130,2
42901,4
49763,4
212264,4
16754,5
109497,3
483,2
169463,4
145161,3
166810,2
62362,3
72481,4
5857,4
66882,4
39511,4
44832,4
161776,2
206154,4
177986,4
148521,4
69238,3
13218,3
180896,4
176693,4
15621,4
115163,4
149463,2
46701,4
85648,4
92095,4
205927,2
166187,4
161875,3
172909,4
80660,4
134558,4
139907,2
18622,4
82310,4
187605,4
154953,4
186001,4
95663,4
11607,2
115973,2
81398,3
15158,2
166462,3
1901,4
96824,4
183959,1
130890,4
51287,3
151768,4
72429,4
84116,4
95212,4
56661,4
93494,4
125997,3
203503,2
45465,3
54175,4
150680,2
133640,3
71234,4
114859,4
22333,4
167711,3
8270,4
98571,4
166345,4
83356,3
11661,4
5714,3
162283,4
196466,4
59968,5
2264,4
34866,3
74720,4
166612,4
95577,4
123424,4
167936,2
40029,4
85156,3
17856,4
146223,3
112908,4
24096,5
4807,3
47475,4
211782,3
92617,4
58324,4
52056,4
134551,2
172399,4
56343,2
23588,5
154479,3
2865,3
136029,4
87807,4
174496,4
16990,3
1648,3
11026,4
201497,4
88468,4
173681,2
129748,3
70634,4
147604,4
81921,4
164623,3
159243,2
41871,4
168670,3
136921,3
198123,4
143733,4
152677,4
111239,4
70351,4
179740,4
89296,4
27362,4
43243,3
113086,4
116868,3
34625,3
88766,4
163769,4
24778,4
65724,3
83491,4
66363,4
117981,2
110247,4
138484,4
107217,4
208550,4
110640,4
32986,4
138514,4
204920,2
25488,4
201310,4
100446,4
180544,4
167247,5
177335,4
126532,4
29143,4
102864,3
177387,4
92627,4
172253,4
176055,4
191732,4
60193,3
118531,4
100655,4
64768,3
40371,3
161043,4
88480,4
111765,4
55967,4
180228,4
204567,4
98428,3
65683,3
148505,2
182045,4
193293,4
149427,3
149206,4
149701,4
96067,4
174489,2
24213,3
186314,4
148242,4
8284,4
37894,3
8171,3
77520,4
176735,4
177796,4
43789,4
32415,4
93180,4
142441,4
142966,3
65411,3
194304,3
161917,3
47415,4
20814,3
180192,4
92102,4
35553,4
94755,2
143881,3
174680,4
77205,3
186742,4
101087,4
28925,4
35383,3
6234,5
93537,3
29762,4
43279,4
73365,4
35045,4
13637,4
38240,4
97230,4
99311,3
85586,4
131660,4
33128,4
146568,3
175090,4
73112,4
75284,2
98390,4
111677,4
107619,4
8950,4
190239,4
17848,2
211520,5
20370,4
204661,3
12035,4
190445,4
174402,2
115717,4
156067,3
144772,4
98809,3
182444,4
196968,4
137253,3
206754,3
175383,4
1411,4
3365,4
22589,4
10827,5
198607,4
118653,4
158536,4
44966,2
34257,4
25318,4
100747,4
69661,4
12614,4
40311,1
152691,4
221,4
118200,4
36802,3
30937,3
129546,3
97866,4
167181,4
68555,4
84952,4
134611,4
163966,3
179814,4
174409,2
112073,4
51920,4
200453,4
7722,5
185336,4
127599,4
157089,4
92659,3
182181,4
141515,4
160118,4
1398,3
175598,4
112672,4
64329,4
127076,3
204674,4
54516,4
29043,4
83602,4
9654,4
66142,4
171553,4
165655,4
76063,1
48085,3
119577,4
42843,3
36216,4
209802,5
91399,4
207429,4
201594,3
79861,4
193921,3
194546,4
209563,4
38387,3
70746,4
26857,2
106168,4
58686,5
60870,4
110323,4
192650,2
146771,4
189556,4
119497,4
21960,4
176369,4
196718,4
3924,3
158136,2
68365,3
65927,4
161830,4
43602,3
103599,4
117768,3
184218,4
124956,4
145769,4
33016,4
47396,4
177222,4
29226,4
156907,4
33483,3
51971,4
124980,4
128154,3
115993,5
162160,4
193017,2
15798,1
25246,4
101020,4
84915,4
47826,4
157133,2
174719,4
179481,2
146590,3
169715,4
191371,4
156404,4
69946,4
197910,2
187950,1
110459,4
183663,4
67243,3
149069,2
142039,4
197812,4
149991,4
117514,4
140385,4
136585,4
88846,4
121615,4
86520,3
77971,4
170925,3
157886,2
157841,2
42619,4
117903,4
44100,4
172659,4
74591,2
39506,2
175503,4
129164,3
102469,4
144433,3
163693,4
92114,4
64615,3
52564,4
70335,4
72552,4
180771,4
93377,4
65003,4
167681,4
36641,3
24954,4
113131,4
118494,4
660,5
28686,4
50179,5
74467,4
38006,4
153050,3
130435,4
63647,4
10472,4
96098,4
90764,4
182562,4
202073,4
1764,4
19489,3
183045,4
123673,3
80317,4
169636,4
92237,4
89079,4
46490,3
205564,4
150074,4
179286,4
117393,4
141645,4
87856,4
161527,4
163562,4
83931,4
127423,4
12950,4
38590,4
117396,4
211131,3
159323,4
36078,2
82080,4
26741,4
14186,4
197840,4
36611,3
205386,4
86028,5
164932,2
86801,3
11650,4
53970,4
127538,4
161539,4
137729,3
145742,2
112404,4
176829,4
85444,4
164024,2
109627,4
94942,4
103112,4
147015,4
304,4
148122,4
49646,4
38678,3
191842,4
117021,4
160836,3
88848,4
181120,4
192138,4
4210,4
40249,4
12609,4
137736,3
184594,4
60655,4
147382,3
205484,3
206811,4
45187,3
200035,4
89287,4
188523,4
72925,4
94700,4
26538,4
2695,2
24581,3
177363,4
23317,4
176688,4
145339,4
201866,4
170284,4
195514,3
161318,4
145965,4
182202,4
3233,5
209300,4
42282,3
140191,4
160097,3
137396,4
207616,4
156178,2
162599,3
6821,4
186739,4
11541,5
8286,4
14178,4
36857,3
21822,4
139460,2
118470,4
40448,3
148059,2
102312,4
111644,4
154687,4
207117,1
129585,4
120695,4
159522,4
58035,4
15527,4
136264,4
83882,3
133439,3
115696,4
138478,3
90761,4
35781,3
46772,4
173328,4
67217,3
69290,5
132948,3
10298,4
39831,3
73186,4
20718,4
19487,2
45317,3
185212,4
158090,4
70403,4
157241,2
82497,2
46393,4
30752,4
58377,4
9786,3
96926,3
140149,4
57400,3
1994,4
186933,4
33270,4
185307,4
13327,2
4752,3
146399,4
203187,4
161217,3
145157,4
160912,3
84168,4
143386,4
149276,4
159580,2
43000,4
191772,4
180486,4
112080,4
177393,4
133437,4
50334,4
104350,4
92247,2
110645,4
174009,3
195856,4
127903,4
152986,4
141163,4
14179,4
169731,3
89929,4
154788,3
209469,4
170569,4
182962,4
121605,5
149194,4
32046,4
180924,4
129484,4
92422,4
101847,4
30563,4
83393,3
90836,4
76397,4
66602,3
79025,2
139078,3
136317,4
108717,4
206351,2
190711,4
206438,5
26394,4
91110,2
195850,3
205079,4
143417,4
172731,4
156293,3
99086,4
71457,4
71147,4
91413,4
119118,3
68301,3
22232,4
81054,2
32958,3
202960,4
125217,3
193628,4
194129,4
55290,3
122321,3
182330,4
122597,3
115258,4
93488,3
102228,4
22698,4
133889,4
195243,4
133385,3
75860,1
96035,4
187439,4
103635,4
173680,4
39938,4
159383,4
63638,4
93313,4
84341,4
123221,4
179356,4
13701,4
48975,4
116187,4
72912,3
163284,4
195922,3
146178,4
39852,4
179522,5
155266,4
72165,4
3559,4
66401,4
199510,4
119561,4
142626,3
4770,4
94595,4
163084,4
210784,3
62511,4
178520,4
84444,4
106523,4
186316,4
57752,4
60873,4
67729,3
89558,4
127051,4
16920,2
157751,4
110109,4
104761,4
139274,3
184376,4
7077,1
205354,3
16590,4
155071,4
118257,4
151668,4
164738,4
113878,4
167643,4
195694,3
156109,3
194465,3
62304,3
74741,4
23957,5
112119,4
135874,3
93790,3
21898,4
54185,4
135345,3
86961,4
116244,4
123704,4
131794,3
49246,4
208868,3
119997,4
9901,4
3091,2
50787,3
91420,4
134233,2
138189,4
70985,4
157782,4
111330,4
131772,3
169630,3
85841,4
126904,2
207175,4
174044,3
39822,3
49121,4
151683,4
35827,3
88772,4
48341,4
108966,4
51738,4
193802,4
14228,4
195926,2
115324,4
82883,4
93092,4
78559,2
32755,4
117931,4
57757,4
142522,4
131216,3
16938,4
13564,2
186890,4
118828,4
17278,4
172574,4
48958,4
203852,2
138305,4
210179,3
173769,4
115364,4
100188,4
108450,4
196898,5
121464,4
100824,4
178699,3
23459,4
128530,3
43259,3
1036,4
96436,4
97499,4
60712,4
77440,4
60758,4
45172,3
161694,4
89940,4
10398,4
23993,1
46348,4
25111,5
130036,3
127842,4
62869,4
38203,3
76691,4
184623,3
172337,3
176587,4
13563,4
159862,3
30255,5
109157,3
146763,3
6738,4
101011,2
207581,4
155070,4
210642,4
156245,2
191358,3
90807,4
118151,4
184002,4
33579,5
21289,3
92626,4
23647,3
49770,4
175928,4
201096,4
114661,4
238,4
179449,4
186583,4
47453,4
155329,4
88189,1
26685,4
95249,4
58644,4
208305,3
700,4
149813,4
73729,4
42226,3
106551,4
27896,4
3885,4
7323,3
205618,4
79783,2
143151,4
190879,4
199181,4
146743,4
162732,3
91971,4
202186,4
196685,4
129738,3
128556,3
106529,4
8598,4
85735,4
147652,4
154844,4
109908,4
178190,5
89005,4
173031,4
31508,4
177517,4
90024,4
153376,4
112074,3
108246,4
157090,4
199879,3
41315,4
142132,4
173331,2
55092,4
7960,4
104300,4
203453,4
163116,4
172340,4
77502,2
39412,4
182186,3
49505,5
597,2
133728,3
3982,3
54549,4
100832,2
173730,3
11964,5
34755,2
119215,3
97874,4
177588,4
859,4
112075,4
181105,4
148542,2
106895,4
88486,4
68195,3
196578,4
167959,4
163553,4
192178,4
9197,4
110088,4
31114,3
57177,4
66817,4
92153,4
21703,4
113777,4
14176,4
137823,4
168497,4
120843,3
199595,4
65268,3
74862,4
4678,4
182143,4
192144,4
27929,3
182073,3
19861,2
133266,3
6315,2
111740,4
166189,4
8815,1
42762,3
183687,4
135272,3
156626,1
272,4
16234,5
153396,4
142257,4
178239,5
10888,4
12732,4
37520,3
136363,2
41363,3
31231,3
146679,2
46547,4
166396,4
166778,4
83852,3
148578,4
45535,3
112991,2
59369,2
193009,3
153244,4
54394,4
186624,4
130620,3
108438,4
25287,4
164019,4
285,4
161898,2
205545,3
15526,4
71969,4
35111,4
111637,4
168259,2
58205,4
41805,4
53087,4
31813,4
32896,4
121765,3
89036,4
145793,4
138660,4
151195,2
115058,4
71021,3
168860,3
104081,4
188645,5
54430,4
137744,3
122276,1
77619,4
105486,3
44913,4
72759,4
115927,3
173003,3
193557,4
23520,3
184791,4
143443,4
165483,4
203020,2
180879,4
168548,2
21317,4
162909,2
37152,4
11758,3
140587,3
43263,3
11759,4
167694,4
87192,3
175561,4
183867,4
124688,4
3448,4
195828,4
199348,2
81691,4
99728,4
206485,4
54608,4
196552,4
197753,2
201841,4
189392,4
45443,3
131398,3
83774,4
4270,3
178205,4
165308,3
68979,4
81023,4
17308,4
95553,4
47160,4
205787,4
82661,4
78287,4
16521,4
54062,3
101397,4
109524,4
191837,2
207688,4
23193,4
99000,3
27233,4
105732,4
60374,3
137597,2
135978,4
71913,4
150030,2
159105,2
93968,4
106832,4
206710,4
8750,4
186259,5
146091,3
1923,4
196296,5
208629,4
28848,4
57401,4
45082,4
195297,3
46549,4
115146,4
160460,4
79703,4
49072,4
22987,4
161884,3
50869,3
137908,3
108926,4
112354,3
162158,4
181791,4
36714,3
126094,3
146585,3
163210,4
42950,1
95307,4
110714,4
100796,4
182313,2
189339,4
124623,4
144288,4
206303,3
167262,4
39020,4
123214,4
53188,3
170774,3
183496,4
186377,4
121882,4
178299,4
9690,4
103575,4
151102,4
141029,4
107713,4
82076,3
6595,4
20542,4
211343,4
186426,5
6172,2
167646,1
143364,3
85201,2
135281,4
129510,4
173765,4
43874,4
25539,4
16227,2
18258,5
91032,4
180199,4
155084,4
169713,4
27099,3
13361,4
69938,4
201137,5
165042,4
116016,4
131487,4
104556,3
32500,4
176531,3
185486,3
192073,4
108201,3
193083,4
196762,4
197871,4
178591,4
188468,1
199617,4
150908,4
116162,4
114774,4
105937,3
207955,1
54019,4
23276,5
1361,4
97834,4
115646,4
60609,3
23090,4
123493,4
98261,2
38249,3
48097,4
66220,4
208268,4
142090,3
105080,3
22760,4
5394,2
169540,4
99534,2
65038,4
99053,4
91349,4
181736,4
69188,4
169267,4
114771,4
26168,3
122831,4
103148,4
5308,4
97770,4
103534,4
126074,4
28173,4
10415,2
98703,4
90803,4
127723,4
143189,4
152816,4
96582,3
28875,4
18751,2
97298,4
117435,4
194597,4
94160,4
45315,3
58756,4
21117,4
1356,4
89481,4
88657,4
161883,4
64453,4
203455,4
194914,4
112140,4
74578,4
187724,4
55738,4
64722,4
6931,4
154022,4
121511,3
48045,4
22074,4
10206,4
85035,4
185033,4
180177,5
93432,4
149396,2
119923,4
42090,4
160419,3
208311,3
63222,3
59796,5
76953,4
34319,4
125683,4
82408,3
4510,3
108577,4
80848,4
107360,4
69576,4
31372,4
101479,4
125884,4
96572,4
1560,4
171558,4
178405,4
184490,4
12509,1
176139,4
142068,4
19845,4
15502,4
177993,4
14340,4
127906,4
33453,4
182022,4
24470,1
136058,4
208534,4
67598,3
154917,4
57946,5
205686,3
207223,2
188458,4
158191,4
167337,4
191114,4
33612,3
171090,3
142225,4
145480,3
202603,1
192069,3
163702,4
151582,4
166231,4
140218,4
100068,4
55920,3
19147,3
195187,4
81183,3
78204,4
92048,1
42781,4
153379,4
124071,4
25427,4
100856,4
209078,4
44978,3
63559,3
80371,3
72193,4
187341,4
133796,4
21648,5
116420,4
141665,3
157963,4
96365,4
21571,4
69725,4
77324,4
36732,3
132573,4
133900,4
72602,4
169068,3
58822,4
162092,3
81368,2
204001,4
13359,4
160906,4
149166,4
151621,2
35390,3
167110,2
27717,4
83255,4
207328,4
15537,4
135715,3
96840,4
20206,4
91895,3
77268,2
80512,4
158383,4
63978,2
127672,4
169618,3
114660,4
135926,4
99266,4
109583,4
11630,2
108706,4
148074,4
94411,4
103909,4
201123,4
207159,4
71707,4
26288,4
4859,3
186357,4
69536,3
88250,4
141323,4
196185,3
9771,4
78919,2
7251,4
124425,4
196636,3
206641,4
165892,2
139390,4
132790,3
149615,4
22675,4
14043,4
76384,4
129820,3
212082,3
206756,3
99533,4
184825,4
178368,4
10303,4
83928,4
129624,4
26186,4
79677,4
58080,4
206124,4
185776,4
188049,3
155258,4
59779,4
53511,4
169457,3
82281,1
180785,2
187492,4
72320,3
46465,3
131532,4
15042,4
182852,4
149789,4
31918,4
152971,4
180779,4
205971,4
22301,4
3997,4
157240,4
133886,4
125247,3
73443,4
185359,2
20070,4
33831,4
106900,3
25431,4
102520,4
34780,3
152019,4
267,4
22387,4
125957,2
139981,3
179205,4
74551,3
105942,4
151024,4
92443,4
110173,4
171945,4
207752,4
181463,4
94632,3
1999,4
165340,3
99711,3
72067,3
33053,4
45554,2
199156,4
136773,4
131223,3
172756,4
116499,4
122063,4
177665,4
176570,4
208582,3
39695,3
202095,4
28637,4
8082,2
186695,4
23366,4
88216,4
126192,4
193724,4
115931,3
55575,2
117566,3
110416,4
50234,3
165069,4
124263,4
8052,5
192057,4
107275,4
208853,4
143610,4
184275,4
93527,4
53284,4
141001,4
43572,3
42081,4
182297,4
59433,4
79587,4
122665,3
2393,4
202130,4
159614,4
50340,3
75666,4
39576,3
177143,5
14367,3
204435,3
193714,4
7627,5
25305,4
174215,4
96315,2
42880,1
48188,4
194559,3
86757,4
5001,4
95921,4
73335,4
95181,2
57340,4
75820,4
12979,3
61137,4
20475,4
131824,4
174285,2
139301,4
10766,4
113641,4
140037,3
45997,4
55328,4
110302,4
104058,2
186285,4
129206,3
148225,4
6114,3
34599,4
210153,4
87726,4
69596,5
133283,4
24023,3
38004,3
75293,3
153935,4
34123,3
85649,3
195523,4
78373,3
130607,3
194641,5
121325,3
209279,3
87842,4
205445,4
34892,4
72609,4
51881,3
9758,4
135904,4
2760,3
125621,4
158331,2
137120,4
101937,4
175155,4
40862,4
16894,2
65271,3
34113,4
150568,3
68420,4
20624,4
171098,4
60961,4
54540,2
8010,4
44410,3
27389,4
160562,4
145960,4
77397,4
92158,4
102098,4
43428,3
39165,2
92785,4
82245,4
61621,4
175836,4
20075,4
212190,2
77655,3
154980,4
102762,4
181241,5
41600,4
172710,3
8790,3
121457,4
50714,2
50945,5
83012,2
21371,4
11932,4
205551,3
172523,4
90133,4
46359,4
14708,4
42190,4
195846,4
192169,4
67808,3
137722,4
56074,2
60170,3
52578,4
48313,4
203306,4
78268,4
205627,4
173310,4
175026,2
150688,4
78273,4
140764,3
31037,4
189124,4
94490,4
184354,4
100222,4
104399,3
58875,4
144737,4
35832,4
51061,4
93172,4
2494,4
139217,4
42257,3
125116,4
1069,2
172162,4
8746,3
175945,4
79646,3
21801,3
123806,4
71806,2
141703,4
120793,4
50706,5
142431,3
24919,4
208368,4
138228,4
27845,4
191433,4
149745,4
24933,4
21064,4
105174,4
100295,3
133787,4
37416,3
47225,4
36585,4
89954,4
120139,3
53384,4
23817,3
131523,4
115268,4
45581,4
37522,2
112534,4
123019,2
166367,4
157404,3
148221,2
205155,4
155247,4
195886,3
13479,4
113945,4
126182,3
24205,2
142606,3
63723,4
11716,3
81259,3
183532,3
114381,4
201957,3
128461,3
85937,4
104801,4
183816,3
36255,4
169490,3
102010,3
125290,4
115589,4
76161,4
151279,4
117878,4
76754,4
131789,4
133716,3
3870,4
210606,4
36578,3
180429,4
48326,4
180527,4
16710,3
205439,4
192737,5
185295,4
174417,4
29167,3
202891,4
176190,1
116024,3
177687,4
173480,3
40650,3
102854,4
41231,4
120370,4
131347,4
44413,3
107706,4
190235,3
160069,3
95056,4
181485,4
27332,4
162020,4
86566,4
125445,4
103044,4
83180,4
161763,3
135243,4
81002,4
85010,4
57365,4
201947,4
27355,4
130838,3
193312,4
36488,4
141802,4
209164,4
124784,4
99725,4
172433,4
41641,4
11035,4
96563,4
188886,4
83729,4
142467,4
88180,4
54132,4
205595,2
206809,4
33188,3
44446,3
308,4
2167,4
149530,3
3080,3
59429,4
61896,4
150011,4
14634,4
82350,4
101000,4
8567,2
34298,5
22643,4
79382,3
101307,4
106709,4
202552,4
35964,4
21075,4
12070,4
118860,4
74028,4
109646,4
63341,4
76136,3
62537,4
123986,4
165998,4
182750,4
44909,2
21769,4
1748,4
81146,4
5131,2
138947,1
7072,2
171723,4
205436,4
149179,4
17583,4
44110,4
80663,4
88271,4
129093,3
85783,4
119510,4
146556,4
1277,4
99300,4
143570,4
117915,3
7786,4
197596,4
19482,1
56616,2
106000,4
120753,4
88814,4
95109,4
25405,4
20201,4
186102,4
185747,3
67721,4
171973,4
57765,4
55241,4
3899,4
31091,4
53742,3
113848,4
134826,3
210956,3
182605,4
17954,2
106670,4
7095,5
54188,4
203277,4
96668,4
67624,4
196430,4
162805,4
98581,4
947,4
128927,4
163841,4
193003,4
194345,4
177405,4
795,4
55981,4
86443,4
190184,3
33130,4
174444,4
101555,4
198377,4
90091,4
61507,4
37283,4
204586,4
159091,2
182316,5
81209,4
36632,4
171691,1
139105,4
94393,3
209965,4
107928,4
63066,4
164291,2
97505,4
175110,4
123417,4
89984,4
170261,4
32677,4
175860,4
211178,3
194311,4
109378,4
52780,4
64856,4
84818,4
211387,4
10653,4
52898,2
160763,3
210583,4
72268,4
164555,3
15482,5
116238,4
126386,4
103344,4
180396,4
52927,4
145687,4
30372,4
111931,4
18965,4
207423,4
132674,3
149434,4
104549,3
18730,2
98918,5
8347,4
52264,4
118522,4
169412,3
22610,4
81738,4
58435,4
151481,4
171544,3
197295,2
187822,4
14724,4
31456,4
34534,4
94041,3
116818,4
47765,4
175347,4
192893,4
173151,4
40546,4
85608,4
172336,4
80244,4
98049,4
178131,4
129055,2
167039,2
106127,4
6058,4
67164,3
63873,4
42110,3
87100,4
175282,4
136985,4
186073,4
73026,2
37326,3
65907,3
95334,2
55211,4
44901,4
136108,3
96328,3
124423,4
174839,4
171623,3
209566,4
12824,4
98144,4
16254,1
119824,4
47053,4
112685,4
119518,3
136813,3
163724,4
2259,4
142481,3
209308,3
184676,4
183818,2
159621,4
41146,3
74878,4
64851,3
80477,4
17872,1
128602,3
76453,4
110435,4
205947,4
12615,4
141414,2
93192,4
111020,4
160661,3
141502,4
33770,4
57257,4
105448,4
32461,4
112624,4
147100,3
133308,4
25677,4
188778,4
106650,4
119325,4
58547,4
8856,3
102068,4
158707,4
99130,4
5670,4
110139,4
205413,4
91745,4
11777,3
156130,3
173166,3
51102,3
141837,3
188759,4
136498,3
87679,4
17054,5
66459,4
193819,3
154929,4
139131,4
52026,4
76470,2
115520,4
69771,4
88971,4
152509,4
73646,4
67360,4
183,2
8524,5
155354,3
15949,1
28958,4
159062,2
197336,4
168523,4
112347,4
95641,3
201988,4
112589,4
62879,4
150459,2
13391,4
134608,4
28652,4
98044,4
123588,4
174048,3
175148,4
60440,4
19852,3
105119,4
159348,2
10557,3
114446,4
54730,4
32377,4
61252,4
86375,4
47587,4
54329,3
204578,2
115060,4
156713,4
24662,5
3349,4
74582,4
151348,4
20757,4
117708,4
102194,4
173343,2
58346,4
114318,4
173125,4
17049,5
62047,4
149373,4
207622,5
206059,4
72141,4
153135,4
156827,4
83016,4
35474,4
76588,4
179791,1
41268,3
15340,4
35730,3
29549,3
200537,4
144172,4
22173,4
162638,2
59088,5
82444,4
174584,4
57131,3
130821,3
173673,4
21792,4
91719,4
109799,4
22858,4
119113,3
71940,4
169460,4
143596,4
41079,4
30131,4
83881,4
187929,5
163313,4
143981,4
124811,4
40440,4
121145,3
83204,4
35769,3
110075,4
74666,3
170225,3
53174,4
162676,4
157553,3
66086,4
166039,4
138029,4
114004,4
809,3
127147,4
168586,3
8580,5
201328,3
40949,5
106056,4
70,4
28762,2
51729,3
163207,4
24847,4
110679,4
66479,3
212007,3
205319,1
98566,4
32318,2
208614,4
130979,3
195247,3
12923,4
158622,4
145204,4
163427,4
113171,4
161410,4
167158,4
203782,4
150412,2
47485,4
176480,4
153506,3
37758,2
108489,4
182963,4
32770,4
60314,4
136968,4
88680,4
79325,4
39180,4
134005,4
156355,4
24894,4
104068,4
106635,4
25475,4
205398,4
188598,4
86895,4
165867,4
107328,4
137987,3
1772,4
67783,4
16306,1
16421,1
183392,5
125316,2
80531,4
55629,5
161336,3
152983,4
88704,4
93290,4
127505,4
118787,4
58532,5
148863,3
27317,4
104577,2
44341,4
101081,4
135763,3
183135,3
60761,4
11638,4
188473,4
35508,1
133708,4
125259,3
2815,4
198054,3
61834,4
163216,4
104460,4
113427,4
18314,2
74919,4
77409,4
84635,3
81693,4
206209,4
156533,2
141207,3
136664,3
128892,4
208681,4
105125,4
41029,4
119672,4
23044,4
193331,4
206354,5
184673,4
99688,4
106847,4
114075,4
158057,4
11562,2
7092,3
99013,4
79549,4
203756,1
62331,3
52228,4
152739,3
81346,4
152012,4
65430,4
185342,5
56621,4
13262,4
53456,4
70939,4
24570,2
152686,3
131740,4
27857,3
208086,4
30140,4
104343,3
185218,3
76707,3
117562,4
81137,4
151112,4
141412,4
68254,5
121779,3
96736,4
67429,4
70993,3
73826,3
179558,4
75456,4
91403,3
129290,4
184369,4
126981,4
88708,1
200829,3
127916,4
127778,3
31259,4
145578,2
122298,3
97371,4
167017,2
37106,4
50991,4
64257,4
78955,4
56018,4
155946,2
108542,4
11476,5
101152,4
202567,4
43721,4
195081,4
205956,4
187876,4
113448,4
139680,4
94820,3
15608,4
27761,4
211829,3
67980,5
119404,4
181270,4
194207,4
159746,4
169420,3
126781,3
31723,3
104747,4
86578,3
24659,1
162048,3
2841,4
188906,4
176127,1
14339,4
184612,4
53690,4
45735,4
73348,4
47253,4
58712,3
24760,4
187698,1
69054,4
8428,3
175880,4
152221,4
129845,3
9161,1
61848,2
193337,4
49486,4
137365,4
83069,3
5500,4
40333,3
101537,4
185349,4
198748,4
120643,3
205604,4
187406,1
137470,3
207896,4
180623,4
120105,4
98850,5
111263,4
33407,4
188706,4
137375,3
80686,4
15980,2
166381,3
28149,4
74566,4
52878,4
111365,4
126250,4
116563,3
96168,4
54198,3
200851,3
21195,4
183448,4
82343,4
44478,4
33702,4
78898,2
129393,3
100035,4
59776,4
50226,5
69412,4
5706,3
88575,3
127692,4
186824,4
54717,4
155688,4
153976,3
38497,3
38050,3
205077,4
130233,3
42965,4
95579,4
70927,3
151207,2
37652,4
45607,4
183103,4
70554,2
132199,4
54435,4
93080,4
113078,4
85780,3
50330,3
198982,4
167168,4
206989,4
172325,4
151075,4
77490,4
11333,4
21154,4
99998,4
147648,4
145907,4
128550,4
68758,4
8277,4
122178,4
188746,4
63459,3
170138,4
196520,4
78084,4
73036,4
123024,4
83812,2
12765,4
87764,3
137436,3
178793,4
27323,4
118930,4
147594,4
131662,3
49027,4
92499,4
112983,4
137277,2
90726,4
187010,2
196334,4
100457,4
189875,4
68465,4
32809,4
169628,4
12794,4
197350,3
55530,4
122487,4
209908,3
91977,4
87795,4
185967,4
110486,4
91974,4
163495,4
61928,3
203184,4
76741,4
79697,4
95603,4
37140,3
187157,5
3291,4
151208,2
189217,4
68333,4
140465,3
4298,4
87252,4
111085,4
41297,3
12361,3
210046,4
163261,4
45966,3
185816,4
101473,4
162200,3
193970,2
138251,4
25116,4
60890,4
44725,3
182781,1
171374,3
140946,3
212329,4
10308,2
62314,4
23177,4
24671,4
114495,4
201228,3
13655,4
136119,3
201979,4
147344,4
120546,4
180946,4
68272,4
211200,4
86220,4
182761,4
17884,4
23339,4
39040,4
7910,4
35973,2
192363,3
206344,4
10163,5
10256,1
126789,4
203534,4
188217,1
193716,4
15827,4
19686,4
45847,4
160439,3
22268,2
31053,4
12007,3
91617,4
37184,3
135072,3
2184,4
84991,4
86065,4
182486,4
23145,4
106563,3
184733,4
108963,4
200718,4
25016,4
49451,4
153416,4
207809,4
179645,4
23501,4
39836,3
178362,4
168275,2
194218,2
182980,4
120221,4
58218,2
92556,4
4900,4
210353,4
80710,4
23343,4
51153,2
164105,4
162202,4
177447,5
47795,4
202827,4
161981,3
109457,4
185496,3
30228,4
182281,4
51410,2
32865,4
143800,3
1156,4
123910,3
118739,3
178128,4
97321,3
142489,4
27854,4
94055,4
50731,4
105803,4
42253,4
148723,4
171701,4
174693,4
190233,4
62633,4
80157,3
206480,1
158424,4
201508,3
139203,3
200240,4
130761,3
141751,3
1853,4
13013,4
202972,4
194355,5
94708,4
34881,4
28793,5
155399,3
132036,4
120468,4
178195,4
41082,3
20776,4
55544,4
13436,4
78842,4
121189,4
201766,4
70697,3
183855,3
13383,4
185753,4
110972,4
66586,3
154504,2
168619,4
63270,4
129836,3
25799,4
196115,4
134969,3
139360,3
93134,5
167444,4
114063,4
28551,1
190621,1
100107,2
104831,4
105033,4
185622,4
129398,4
45756,4
15645,4
204757,4
134409,3
200831,3
84733,4
123422,3
59204,4
87999,4
26590,4
143766,4
33703,4
31875,2
15865,3
38913,3
92561,4
106954,4
102315,4
86396,4
14273,2
153180,4
170519,2
171990,4
165870,4
26659,4
189441,4
12562,4
88194,4
158567,4
133497,4
160171,3
104921,4
208943,4
108629,4
76884,1
49230,5
148026,4
90961,3
124008,3
95032,3
105198,4
79655,2
135228,4
170611,3
89392,4
79851,4
160398,3
199954,3
45287,4
184065,4
103009,4
130679,4
49524,4
50309,4
208517,4
30124,4
144824,4
136137,3
64604,4
151440,4
120482,3
6491,4
26895,4
181019,4
97373,3
41656,4
196283,4
34965,4
41272,1
101919,4
82022,2
120275,3
69448,4
77936,4
50911,4
82522,3
194565,2
98089,4
77640,2
166822,4
66257,2
86763,4
188214,4
160484,3
140556,4
144007,4
120083,4
100825,3
34786,2
96025,3
187427,4
11508,4
4754,4
43004,3
81093,2
94570,3
39335,3
182647,5
109892,4
123213,4
103862,4
92392,5
184737,4
197909,4
61370,2
89562,4
136191,4
82127,4
17299,4
85860,3
207382,3
52662,4
57699,5
115808,4
3426,3
47983,4
4622,2
68890,4
25988,4
20917,4
178033,4
40926,4
21379,4
104701,4
28374,4
147613,4
83821,4
144079,3
211500,4
119948,4
105466,4
153518,4
47579,4
130713,3
145077,4
116569,4
179585,4
208306,4
83950,4
166744,4
92039,4
19036,4
8722,4
192804,4
128819,2
18801,5
43630,4
10624,5
159333,2
130822,4
13494,4
105778,4
60905,4
121664,3
87710,4
1779,4
142406,3
125423,4
37353,2
13753,4
207200,4
147469,4
169671,2
15125,4
89681,1
121195,4
129033,4
144203,4
4232,4
24319,4
14406,4
146614,4
146314,3
99463,4
154613,4
83649,4
178251,4
90788,4
166184,4
98890,2
170920,3
201526,4
110797,4
91317,4
186979,4
58056,4
143673,3
35325,2
88344,4
6289,3
119146,4
20795,4
120588,4
15192,4
183848,4
52358,4
104423,2
205008,4
144123,4
82618,4
154356,4
22481,4
166420,4
190385,4
111758,4
36461,3
40590,4
156731,4
120713,4
185419,4
169727,3
141584,4
175979,4
142052,4
127864,4
99560,3
166498,4
141333,3
36765,4
182211,4
79293,2
58887,2
52538,4
192008,3
43409,3
19376,5
130948,3
15512,4
185348,4
99960,2
13864,4
101745,4
61199,4
43863,4
87874,3
135454,3
147833,4
13043,1
190746,4
11533,4
89961,4
159652,4
23073,4
11479,4
167056,3
173132,4
50885,3
121336,4
775,3
136376,3
149623,2
155290,3
82034,4
204477,3
120548,3
25400,4
17850,2
65207,3
42004,4
195114,4
139329,4
33400,2
106651,4
90940,4
44586,3
201981,4
208084,4
130502,4
81356,4
65235,4
162825,4
114370,4
26044,4
20898,4
117392,4
100953,4
158416,4
135726,4
157870,4
31597,4
113960,4
194849,4
153801,2
114280,4
47737,1
160714,4
155480,2
158851,3
103149,4
95629,3
34601,3
5718,4
96916,4
97622,4
191696,4
69673,3
209450,4
130784,3
155600,2
91907,4
143718,4
211788,5
47629,4
4868,3
76491,4
80083,4
140355,4
207632,4
173929,4
11318,4
123,2
44631,4
32727,4
183983,3
207820,1
55844,2
55407,4
14826,4
64633,1
25417,4
174973,3
93710,4
154467,4
3161,4
164492,4
146350,4
147455,4
62658,3
150287,2
17905,5
43611,4
154593,4
21328,4
163990,4
62937,3
82271,4
169976,3
81197,4
131979,3
197592,4
186605,4
115994,4
118668,3
71206,4
132102,3
189848,4
91852,4
115332,4
125993,4
172447,4
111484,4
183101,4
58674,4
169261,4
167690,3
149863,4
82031,4
138044,4
21224,4
48994,2
193904,4
113072,2
202938,3
8804,4
75231,4
146704,4
94059,4
142100,3
46975,4
55853,4
41638,4
23389,4
18329,4
167810,4
127221,4
85451,4
126261,3
164445,4
75235,4
130021,3
143077,4
71052,3
67180,2
11713,3
126698,4
170856,4
69410,4
26574,4
161707,3
179468,4
177423,4
137210,4
62130,4
14051,4
139389,1
53939,4
105873,4
150572,2
48897,4
63019,4
112300,4
86937,4
204167,4
212090,3
92880,4
29471,4
201722,4
64255,4
86558,4
78046,4
59146,3
60831,4
25891,3
130040,3
62256,4
205195,4
97082,3
56529,4
156037,4
151763,2
189333,4
119335,3
203315,4
81336,4
52267,4
113146,4
122136,4
35910,3
205045,1
87831,2
39858,4
133067,3
41358,4
115852,4
126973,4
192377,4
21113,4
26331,4
161452,3
106302,4
196882,4
3065,4
139917,4
196760,4
133860,3
143096,3
107719,4
170825,4
188854,1
137650,4
169480,1
57992,4
84589,4
77382,1
156954,4
59283,3
149176,3
70678,4
52920,3
11081,4
31423,4
193215,4
48086,4
208001,4
108347,4
169949,4
15658,4
4417,3
142634,4
141856,4
22676,4
201182,4
104848,4
204286,4
53599,4
196688,3
107130,4
126660,4
964,4
36919,3
52808,3
72817,4
64468,4
149321,4
181920,1
25555,4
124619,4
93579,4
169204,4
3621,4
204340,4
84678,4
166044,3
124487,4
25360,1
120052,4
204591,4
1768,4
116790,4
181538,4
108188,4
170890,4
211465,5
69359,4
172535,4
54348,4
26253,2
183531,4
8551,4
39743,4
125432,4
101003,4
142470,3
170587,2
71368,4
98497,3
170502,4
20952,4
136405,3
18122,3
200941,4
23943,5
188198,4
212212,4
17953,4
154282,4
120849,3
154714,2
10592,3
86739,3
208179,5
86286,4
126679,4
163163,4
168015,3
152757,4
145284,2
138765,3
208135,4
71197,3
204043,2
81600,4
100624,4
39143,3
136471,3
34339,4
34549,4
166880,4
2113,2
77560,3
12535,4
55418,4
166408,4
162899,4
130724,3
42579,4
118361,3
142289,4
211289,4
86413,4
17902,1
110699,4
135695,3
60727,3
37507,1
103829,5
70811,4
136791,4
129402,3
80127,4
134664,4
131999,3
47082,4
211198,4
85277,3
5693,3
108637,4
172806,4
155567,4
142334,3
18246,4
31338,3
131844,4
124872,4
82130,4
40543,4
5358,3
130308,4
145897,4
181481,4
123321,3
185228,4
116462,3
149545,4
37587,3
23297,2
171281,4
24775,5
19048,4
24733,3
131724,3
103815,4
94987,3
93622,4
39240,4
108544,4
209847,4
48361,4
57639,2
43895,3
28904,3
73787,4
115629,4
77377,3
61712,4
25043,4
86715,2
7554,1
125696,3
68723,4
55205,4
203904,4
159817,4
54578,2
81373,4
75008,3
141107,3
110706,4
45525,4
29522,4
201064,4
144412,4
164358,4
188914,1
117809,4
210994,3
61782,4
132539,4
14973,3
194352,1
51211,3
171578,4
203658,4
100482,4
160450,3
13782,4
33390,3
158668,4
111460,3
18563,3
92405,4
104949,4
129737,4
13630,4
67994,4
30792,4
183382,4
143719,3
152408,4
204730,4
125218,4
84676,3
17795,3
126057,4
187802,2
149161,2
45796,4
42236,4
13396,4
31022,2
172666,4
29650,4
38663,4
206585,4
14311,4
1224,2
168762,3
57460,4
139620,3
14473,4
136515,4
108869,3
179648,4
137954,4
52424,4
76264,4
120634,2
166451,4
2172,4
207573,4
159070,4
202822,4
22802,4
191968,4
133620,3
135202,3
183693,4
139647,2
190221,4
158815,4
93560,3
4855,1
146064,4
60212,4
173025,4
56031,2
79391,4
210091,4
8291,4
98360,4
209004,4
160708,4
176364,4
205201,4
45492,3
2379,4
124575,4
2627,2
103269,2
130702,3
187629,4
976,4
25149,4
180686,4
40410,4
19713,4
65425,4
119109,3
149894,4
50667,4
51503,3
194912,4
207639,4
27970,4
174532,4
170577,4
131311,3
87204,4
7584,4
67046,4
29186,4
48716,5
120529,3
90787,4
39160,3
129973,4
110148,4
175086,4
8114,4
190410,4
103527,4
163204,2
58938,4
29380,4
6049,2
203870,1
138986,4
15196,4
113574,4
84438,4
161348,4
152210,4
108776,4
211278,1
67465,3
165027,4
182537,4
173159,4
48959,4
205746,4
175186,2
155035,2
130004,4
3815,4
47876,4
79673,3
23230,4
148946,4
119610,4
45348,4
45898,4
14566,4
183533,4
187502,5
129594,4
191529,4
85355,4
57561,4
200370,4
122112,4
128970,3
85386,4
51825,4
71005,3
5028,2
4830,5
90773,4
90945,4
112714,3
185276,4
86641,3
28189,4
150632,4
57851,4
172335,4
35670,3
113905,4
24450,3
165111,2
159362,4
112266,4
102164,4
30840,4
150609,4
191452,4
114070,4
199310,4
60020,4
65586,4
211655,3
49863,5
22688,4
70127,3
27733,2
128781,4
104674,3
75648,4
134070,3
93674,4
139542,3
171476,4
3553,4
54289,4
36663,4
135539,4
203249,4
133255,3
90407,4
164854,4
165563,4
152076,4
34379,3
3324,4
178905,4
152041,2
194163,4
119956,2
193351,3
72460,4
134440,4
177527,2
71026,1
46507,3
4403,4
118776,4
89587,4
119465,4
129653,3
192348,4
101724,4
140756,3
68064,3
181340,4
169728,2
24756,3
187377,4
147930,2
64448,3
154401,4
80353,4
6684,5
168572,4
163517,4
140331,3
61112,4
202273,4
26148,4
48168,4
60418,4
92278,1
37523,3
114551,3
31693,4
37155,3
203191,4
93915,4
64039,4
61300,5
33060,4
184495,4
10326,4
201550,3
94642,3
123597,4
71874,4
86705,3
190733,4
92046,3
159671,4
116261,4
96535,4
141273,4
121775,2
53499,4
172497,3
209659,3
32595,4
88086,4
151420,4
152655,4
187446,4
125010,4
115995,4
108127,4
102282,4
195751,3
196406,1
90207,4
48882,4
148983,4
54767,4
97922,3
98060,4
199804,5
26174,4
95255,4
106793,4
71357,4
21726,4
123700,4
84660,3
94757,4
7180,4
86193,3
12840,4
44574,3
90846,4
164256,4
94444,3
43097,3
75414,2
143974,3
79524,4
57354,4
79801,3
105027,4
170410,3
21723,4
206658,4
66644,4
168179,1
1727,4
188115,2
79319,3
66670,4
203270,2
105394,4
205051,4
165586,4
202512,4
178708,5
198614,3
111483,4
34209,5
23355,4
76912,4
151369,4
133618,4
13884,4
81249,4
134190,4
170029,2
119291,3
205638,4
193323,4
130380,4
5980,4
143832,4
80904,2
12593,4
31903,4
60002,5
105083,4
13889,3
2914,2
126282,3
112261,4
199964,3
76417,2
56138,4
27801,2
54768,3
55343,3
190005,4
170523,2
83477,4
54657,4
10750,4
189307,5
21324,4
97533,4
42172,4
145557,4
32692,3
121032,3
12041,4
172673,4
112998,4
178664,3
49531,4
142902,3
174713,4
83505,4
149774,3
199221,3
97666,3
130813,3
19284,4
26903,3
56702,4
60858,3
101726,4
36556,1
194761,3
41802,3
67833,5
104891,4
43550,4
188097,4
211167,4
90038,1
115408,4
74400,4
39910,3
57528,5
201025,4
36485,2
118328,3
45979,4
132803,4
129478,4
45445,3
126332,3
157411,4
76811,4
34969,4
153605,4
65607,3
182109,4
153413,4
192093,1
20832,4
203298,4
97791,3
185839,4
119120,4
85674,4
98601,4
55066,4
27054,3
43277,4
208634,3
97991,4
83249,4
55899,4
100289,4
73639,4
199356,3
198427,3
83740,4
211677,3
22598,4
14479,4
200887,4
206203,4
179029,2
144630,4
207692,4
125122,3
89698,1
104172,4
2863,4
109569,4
152265,4
81320,4
66687,1
11361,4
60090,5
125415,4
139040,3
70477,4
9253,4
208766,3
68898,4
40381,3
41754,4
131009,3
123725,3
94431,4
206841,4
1377,4
206799,4
82115,4
75074,2
92852,4
85831,4
178665,4
107934,4
104736,2
209480,4
13395,4
185749,1
95246,3
113014,4
116117,4
3946,4
132604,4
153785,4
59212,4
146602,3
119065,3
158221,4
81040,4
121578,4
84742,4
32076,4
47443,4
29774,4
121319,3
170943,4
128316,4
199200,3
30892,3
20105,4
159521,4
20534,4
188128,4
119546,4
120822,4
7255,5
163784,4
142054,3
194638,4
122160,2
164528,4
65528,4
129423,4
7104,2
33735,4
94733,4
25687,4
18234,2
52351,4
119649,3
189777,4
72388,4
130619,4
26581,4
120833,4
117178,4
57869,4
522,3
68865,4
183115,4
115025,4
123889,4
79966,3
62077,4
117342,3
108910,4
197243,4
159182,4
93025,4
10930,5
126246,4
100323,4
106822,3
114343,3
105,3
97650,3
99536,4
160205,2
99034,4
129644,4
5866,4
53200,3
67823,1
94578,4
203124,4
138244,4
998,4
96449,4
141480,3
132657,3
80277,4
161543,4
150205,4
60402,4
196162,4
163733,2
171892,4
133696,4
94624,3
56070,4
95689,3
10036,1
106508,4
208370,4
196057,3
157730,4
181919,4
24382,3
54363,4
107031,3
61487,2
162545,4
50027,4
184789,4
128611,4
54323,3
85528,3
92352,4
172789,5
6382,3
44030,4
164031,4
34818,4
172785,4
197529,4
123037,4
36939,4
10389,4
93858,3
35414,3
47200,4
7398,3
190104,3
23392,2
51752,3
3123,2
50006,3
201668,4
101280,4
92097,4
154888,4
5002,4
15760,2
155226,4
118966,4
66052,4
116758,4
46823,4
60056,4
140918,4
117045,4
177139,1
26644,4
189771,4
145530,4
61732,4
172554,4
99792,4
30828,4
120027,4
163758,4
27434,4
190911,3
62579,4
208966,3
116169,4
92167,4
166463,4
111959,4
127917,3
109156,4
104505,4
159885,4
184334,5
77052,4
156781,2
121114,3
7178,4
70234,4
73327,4
28823,4
140268,2
71259,4
190785,4
106151,4
4979,3
79506,4
31316,4
67032,4
88102,4
66383,3
99513,4
102724,4
137283,3
178553,4
64047,4
164962,4
134568,4
16243,4
91398,4
84152,4
143122,3
26146,4
44548,4
211734,3
140821,3
160214,3
158719,4
96457,4
123822,4
209039,4
137234,4
121818,3
200747,3
204412,4
83003,4
147588,4
125460,3
58062,4
128980,3
121174,4
189667,4
13154,4
161489,2
186930,4
30645,4
63958,3
158908,4
165370,4
69814,3
105123,4
117103,3
167219,2
211889,5
102147,4
59995,1
207605,4
159948,4
115045,4
17242,4
129514,4
69986,4
145386,4
93017,4
93273,4
148432,3
105598,4
159023,2
91215,4
165709,4
134209,4
106453,3
18308,5
203611,4
79090,4
94086,4
171993,4
37192,3
92838,2
155238,4
19181,4
146355,3
119588,3
180325,4
85988,4
172694,4
121777,4
96107,4
88576,4
58494,3
207113,3
159309,4
166386,3
151340,4
43920,4
168808,4
104212,4
72522,4
203829,4
127289,4
12325,4
168008,4
108858,4
194673,4
204936,4
98795,4
28150,3
8227,2
33616,3
178029,4
63542,4
40346,4
23188,4
120663,4
170050,4
32655,4
153107,3
120979,4
78611,4
193084,3
115803,4
42414,3
78314,4
180968,2
191296,2
66175,4
28348,4
90603,4
204050,3
28467,4
85252,3
80716,4
161263,3
111942,4
142555,3
95774,4
135841,3
40260,4
135621,2
140650,1
58966,4
169688,4
166659,4
21082,4
53220,3
122792,3
163055,4
5571,4
42958,4
106119,3
119865,4
57116,4
65765,2
87435,4
50454,3
103237,3
155813,4
39189,3
62321,4
38403,3
206538,3
122012,3
116964,4
31891,4
149534,2
15981,5
103016,4
191397,1
95486,3
31867,4
202125,4
130236,3
171939,4
183851,4
117899,4
77722,2
122886,2
38112,4
170693,4
111179,4
187119,4
86333,3
179567,4
87433,4
187485,4
23219,4
9929,3
92793,4
59490,4
100470,4
103451,4
68212,4
64300,3
36458,3
92040,4
209261,4
69582,4
49543,4
150942,2
145267,4
3211,2
57618,4
93236,3
110495,4
15858,4
84189,4
163533,4
132935,3
157259,4
174848,3
71369,4
30485,5
194283,3
124635,4
105079,4
900,2
56137,4
200141,4
105085,4
67699,4
158923,4
191738,3
125058,2
139086,3
82861,4
129800,4
211552,4
164191,4
167928,4
163401,4
82777,4
98603,4
16393,4
50895,3
148970,4
175140,4
61335,3
72378,4
181650,4
42807,3
67701,4
84308,3
205141,4
127014,3
185135,4
21496,4
160008,3
165939,2
94271,3
172463,2
131509,4
10613,4
68253,4
57246,4
161614,4
170004,3
90908,4
34901,4
204306,4
192163,3
108956,4
14519,2
147471,2
28461,4
137910,3
122458,4
198163,4
78556,4
206091,1
46027,4
122086,4
65073,3
82894,4
168603,4
136880,4
142252,4
77149,4
30229,4
102001,4
45011,4
145203,3
189988,4
156540,4
102791,3
11886,4
95583,4
94716,4
117440,4
179981,4
160990,3
128392,3
61981,4
196610,3
31886,5
40678,4
69302,4
204713,3
183252,4
60122,3
129927,3
133200,3
101161,4
24235,3
23223,4
211955,4
202735,2
116986,4
183489,4
118006,4
47528,5
67862,4
8282,4
57395,4
30997,4
170123,4
12253,4
115610,1
36096,3
191777,2
105671,4
26551,4
176782,3
146544,4
112349,4
98535,4
159403,4
167653,3
150926,4
10310,2
97341,4
69887,4
124499,4
82537,4
19753,2
168186,4
35989,4
71208,4
211992,3
132243,3
89213,4
30855,1
58681,2
125950,3
206495,4
68615,4
130711,3
201467,4
94089,3
43690,4
194004,3
121568,3
43061,3
78857,4
164907,4
63603,3
189780,3
109025,3
152072,4
70541,4
108990,4
47808,4
25228,3
91775,4
31796,2
192165,4
200540,3
60152,5
163580,4
127384,4
25244,4
94711,4
167378,4
28109,2
184238,4
1566,4
144505,4
103961,4
66163,4
125411,4
26390,4
170511,3
60401,4
64700,3
105243,4
71162,3
86404,4
62826,4
134368,4
66806,3
148077,4
86457,3
73500,4
2532,2
125337,4
117212,4
19647,1
122234,4
95562,3
95919,4
57978,4
31838,2
201602,4
56016,4
202519,4
157206,4
22214,2
125464,1
59663,4
100519,4
96873,4
133994,4
73077,4
13952,4
178702,4
164484,4
19716,4
78169,3
158127,4
70752,4
180956,4
30720,5
176440,4
146415,3
192774,4
147672,2
78718,4
68158,4
133603,4
51967,4
5595,4
44716,1
90660,3
21859,4
153846,4
112770,4
140578,4
61781,2
185712,1
203876,4
19083,4
206053,3
182208,4
50092,4
51927,2
199172,4
107374,4
93625,4
46030,3
188508,3
72631,4
135429,4
164752,2
162317,4
99115,4
170613,3
50848,1
165691,4
68378,4
160392,3
2235,3
8687,4
102021,4
172189,4
184383,4
157787,4
151920,4
127704,1
189058,4
93483,4
122339,4
164975,4
190037,4
139574,2
122918,4
200885,3
4613,3
160549,3
156125,2
125052,4
57489,4
49484,3
47702,4
22410,4
91537,3
135355,3
158266,4
124646,4
169255,4
196605,3
211233,5
132492,4
122473,4
147216,1
69931,4
131313,4
15850,1
55375,4
135194,3
128540,3
173242,4
137680,3
17322,4
178273,5
139496,3
68575,4
127803,3
158792,2
76457,2
66044,3
29929,4
70116,4
133003,3
113413,4
207467,4
75751,4
172347,4
44954,4
110830,4
129404,4
13649,4
200184,4
162964,4
14685,4
184880,4
158451,4
187271,4
14682,4
204848,4
64534,3
142934,4
114335,4
96244,4
145133,4
144269,3
104119,4
121313,4
197844,4
107270,4
115000,3
34290,4
29122,4
138860,4
34043,4
2152,4
48931,4
92960,4
162136,3
182288,4
110562,4
79898,4
150112,3
113715,4
131194,4
71956,4
31442,4
210861,4
210154,4
59491,2
93992,2
30256,4
70054,3
127415,4
22519,4
135982,3
14453,4
49537,4
71051,3
173443,4
106415,4
194094,4
202973,4
197031,4
180937,4
202696,4
185474,2
64710,4
150447,3
160569,3
27390,4
84387,3
32395,4
189085,4
201995,4
33337,3
28765,2
174669,4
202111,4
182807,4
151326,4
37563,3
6296,3
25496,4
8931,4
158948,4
137760,4
138693,3
113033,4
140374,4
103405,4
109494,4
151959,4
150006,2
165373,4
158789,2
51223,4
143658,3
21408,4
121598,4
201730,4
26443,4
170666,4
64260,4
81073,3
175184,4
158111,4
88927,4
43948,3
38361,3
71084,4
67864,4
48999,4
122995,3
91296,3
27022,4
163414,4
163091,3
131601,4
183389,4
177488,4
117628,3
49901,4
73030,4
48416,4
201478,4
74864,4
121539,3
175281,4
138392,3
81543,4
75255,4
206313,4
69820,3
3676,2
181362,2
118664,4
140330,4
137489,4
83068,4
107957,4
51346,4
39331,4
2295,2
1491,4
113082,4
30025,4
91051,1
90592,1
174471,4
55452,4
39973,3
125222,3
152468,4
131147,3
111268,4
18922,5
186871,4
78555,3
74035,4
184427,4
120114,3
44719,4
136275,2
83116,3
124329,4
21944,4
135342,4
79058,3
73891,4
30726,4
59927,2
166818,4
50339,4
139331,3
161964,2
79409,4
51247,2
109943,4
89281,4
147106,4
180017,4
158318,2
51145,3
28455,4
89198,4
153880,4
108220,4
103745,4
111100,4
2713,4
174065,4
25582,4
109016,3
189978,4
123738,4
156208,4
140709,3
63398,2
133489,3
60017,4
55684,5
103852,4
67761,2
83465,4
174475,4
189720,3
198248,3
28749,4
189212,4
199456,4
180489,4
7772,5
181355,4
27860,4
13387,4
145697,3
123261,4
36257,4
111909,4
13125,4
134799,3
27667,4
168954,3
137831,4
122449,3
119022,3
66209,4
165068,3
207497,4
4874,4
205805,4
7137,4
32288,4
78017,4
112872,4
108228,3
46749,4
110505,4
136105,3
92538,3
65248,4
87585,4
25679,4
105905,4
80860,4
192323,3
172091,4
38945,4
92317,4
150417,4
157594,4
16564,2
50976,5
174321,3
88793,4
139977,4
206535,2
63373,4
82123,4
136682,4
24861,4
18460,2
128439,4
86099,4
4767,4
41766,3
125963,4
22170,3
102367,5
210691,3
185393,4
106315,4
22001,4
13614,4
115620,4
132255,3
91329,3
157791,4
190734,5
185097,4
152098,4
199764,4
7600,4
153569,4
52805,4
191075,4
125912,4
107028,4
36503,4
145046,4
171344,4
136306,4
37983,3
175797,4
201678,4
199980,3
51335,2
140277,4
159485,2
56340,4
173989,4
205804,3
160972,2
44983,4
93089,3
197547,3
4103,4
100005,4
60559,4
68221,4
91144,4
189901,4
155575,3
175094,4
190558,2
126826,3
91008,4
65386,4
101326,4
40843,4
133302,4
44260,4
188994,4
31612,4
1393,4
106730,4
185697,5
168005,3
121707,4
104040,4
197356,4
122482,4
94746,4
60869,4
128174,3
128409,4
83887,4
111601,3
15354,4
68356,4
147439,3
197552,4
50558,4
210876,4
128044,3
3963,4
19303,2
184467,4
109580,4
9014,4
46742,5
111444,4
175116,4
203911,4
77106,2
185103,2
67118,3
40438,4
159368,4
113745,4
50852,4
32139,4
70708,4
155017,4
208739,3
111281,4
204156,4
171689,4
133400,3
83865,4
156543,2
9955,4
156964,4
6698,5
102879,4
144213,4
199252,3
145819,2
60395,5
12531,4
78481,4
141004,1
179057,5
4560,4
143059,3
8077,4
89202,4
44524,1
37371,3
197835,2
114510,4
2767,4
160378,2
116716,3
168413,4
164351,4
62237,4
72294,4
146853,3
103676,4
170839,2
17579,5
173777,4
135410,4
123224,3
103362,2
140479,3
66618,3
160692,2
86115,4
26653,4
175467,4
159351,4
139415,4
45586,3
194233,4
78044,4
44528,4
53016,4
163578,2
113690,3
133841,4
153815,4
118573,4
180024,4
52642,4
190638,4
49714,4
58689,4
95950,4
192481,4
10448,5
48062,4
169312,2
69648,4
65989,4
121653,4
117822,4
67335,4
179266,3
165437,2
3299,2
105078,4
211668,4
10791,4
78546,4
60001,3
165329,5
105615,4
1122,4
7832,4
72070,4
181758,2
153302,4
140235,4
76276,4
148314,4
14210,4
98946,4
116031,4
24487,4
196300,4
189758,5
150512,2
155893,2
187675,4
149038,2
67985,4
78787,3
185171,4
166094,4
14670,4
37191,3
139905,4
71072,4
107320,4
140983,3
183179,4
198589,3
15262,4
4964,1
83307,4
110349,4
174377,4
13083,4
70583,3
2411,4
208285,4
949,5
197690,3
97401,4
2672,4
195768,4
60885,5
57438,4
113897,4
106829,4
112523,4
196935,4
192655,3
116452,4
20857,4
105727,4
166576,4
164239,4
149019,4
86103,4
143253,2
170514,4
41460,4
79565,4
20461,4
123414,3
173187,4
6980,1
200137,3
91146,4
162247,4
157285,4
124492,4
166181,4
112863,4
29243,4
9813,3
168125,3
168299,4
65915,4
2429,4
165179,3
81822,4
159121,2
125461,4
67553,5
163567,4
176444,4
7320,4
16785,1
211295,4
108594,4
11906,4
82175,4
190786,3
94539,2
108085,4
20131,4
89844,4
73908,1
208580,3
9762,5
80187,4
38632,2
100139,4
196981,4
197111,4
85173,4
186379,4
170554,3
72200,4
47713,4
177706,5
92791,4
70742,3
16741,3
45969,3
11277,1
2436,2
68952,3
35365,3
121577,3
151992,3
124638,3
107335,4
31408,4
1260,2
48079,4
150734,4
89221,1
39200,3
92366,4
203601,4
188130,1
60925,5
171583,4
21255,2
176842,3
133408,3
189210,4
15295,4
87113,3
91915,4
5371,4
136024,3
191493,4
21163,4
107963,4
74204,4
25676,4
205015,4
158088,2
47375,4
54218,4
46362,4
202902,4
79520,4
118829,3
127535,3
210216,3
163871,4
153342,2
143983,4
41997,4
186613,4
132302,4
122956,4
152817,3
45960,4
190216,4
104578,4
86654,5
210101,4
13306,4
65250,4
205016,4
177774,4
171373,4
56190,4
150197,3
106861,4
174525,4
84947,2
70890,4
129429,4
209353,3
48464,4
124832,3
164223,4
129069,3
189752,3
29239,4
142599,4
202703,4
20574,4
66077,4
132389,4
74056,4
89140,4
101887,4
34617,4
8533,5
201251,4
157872,4
38093,4
130116,3
43569,2
103054,4
9312,2
112155,4
144668,4
168271,2
105295,4
77136,2
46182,4
22739,4
146753,3
19453,4
165725,4
135098,3
79121,4
108112,4
3112,4
175820,2
66173,3
199448,4
119807,3
76112,3
162267,4
159123,4
72273,4
5044,4
155430,2
15220,5
175604,3
154508,4
80384,4
128917,3
134512,4
167302,4
5071,3
148415,4
192833,3
153979,4
195797,4
173027,3
206895,2
197769,4
140495,4
151525,4
187092,1
115902,3
93797,4
190023,4
87605,4
109994,4
174623,4
28895,4
32738,4
116097,4
8924,4
33586,3
174900,4
181635,4
120769,3
112346,4
62264,3
105533,3
58404,4
47707,4
93010,3
87881,4
195951,4
22799,4
1334,3
57309,4
185671,4
186631,5
173078,4
163102,1
76147,4
163634,3
130553,3
143604,4
63648,3
13037,4
155674,3
210194,3
84982,4
136743,3
24117,5
87430,4
36448,4
199731,3
98817,4
98833,2
32266,4
102264,4
150020,4
27530,5
27294,4
178604,3
208,4
25625,4
6029,2
139527,4
136685,4
158241,4
3683,4
119248,3
25337,4
150567,4
41294,4
153114,3
166947,4
2913,4
97621,4
176853,4
102443,4
177629,4
52209,4
17756,4
122305,4
137194,4
56349,4
18213,2
75004,4
204632,4
27381,1
137190,3
33789,2
85146,3
58261,4
195217,4
81045,3
165791,4
14993,4
33460,4
191856,4
72703,4
85101,4
118811,3
13814,4
83226,4
3745,4
7641,3
56460,3
210650,4
166426,4
135644,3
24001,3
95854,3
130525,4
109372,4
75120,3
64125,4
206597,4
198499,4
123703,4
98366,4
26663,4
124347,4
186530,4
65075,4
65042,4
51016,3
50993,3
28774,4
137484,4
176675,4
55537,4
129041,4
198141,3
16901,4
163365,3
37694,3
165447,4
47580,4
95217,4
4095,4
104834,4
192470,4
176437,4
48521,4
2782,2
1417,4
39908,3
55317,2
153810,3
13640,4
160291,2
74253,4
18813,2
31381,3
189789,3
49013,4
123177,4
106943,4
104250,4
11880,3
211611,5
139730,4
134282,4
195426,4
207052,4
101855,4
169674,2
60657,3
123046,3
148581,4
209085,4
82043,4
46376,3
40294,4
169333,1
31019,4
35093,4
197156,3
66478,3
59420,4
86600,4
77276,4
146783,3
157846,4
50398,2
115420,4
118883,3
84286,4
164946,3
110522,2
146237,3
40802,3
165492,4
94657,4
106286,4
10746,3
164952,4
3518,4
186050,4
17642,2
123103,4
3016,3
108351,4
173654,4
117327,4
46186,4
153988,4
205965,4
164206,4
119791,3
79574,3
73358,3
39706,4
49081,4
165452,4
89400,4
52247,4
102256,4
128817,3
127308,4
179797,4
187353,4
195470,4
33098,3
175439,4
718,3
182876,4
37867,4
56827,2
101,4
143957,4
42310,4
47543,3
87689,4
103447,2
103072,3
18511,1
104202,4
184123,4
184132,4
184504,5
117923,3
88278,4
100763,4
120968,4
157482,4
88679,2
26283,4
113161,4
106816,3
178240,5
69375,4
182310,4
186540,4
180996,4
172877,4
40595,4
13481,3
79761,4
151047,4
124817,3
82308,4
176542,4
19993,4
41282,3
202664,4
174876,3
18850,3
42869,4
144881,3
6597,3
134270,4
28330,3
124743,4
84302,4
25292,4
89630,4
11096,4
132442,4
109905,4
37800,3
39067,3
23767,1
189291,4
32852,4
88739,4
31486,4
125118,4
170118,3
162910,4
54894,2
163274,4
131799,4
180746,4
36702,4
49266,3
193804,4
113899,4
109288,4
94854,2
168022,4
66724,4
64977,4
137879,4
47757,4
101616,1
142821,4
178879,4
206958,4
119419,4
61301,5
189505,4
66569,4
78461,4
118298,4
198677,4
70777,4
110963,4
8606,3
164377,3
5818,1
173052,4
13452,4
145234,3
82913,4
206783,3
431,3
53898,2
187012,4
140536,3
116725,3
188700,4
16319,4
44090,4
206620,2
117442,4
143050,4
99027,4
35008,4
171706,4
53412,3
190064,4
178884,4
18104,4
182133,4
68818,3
203430,4
181421,4
28665,4
53481,4
173382,4
23743,4
12162,4
170996,4
125577,4
35192,3
175085,4
57968,4
37359,2
104430,2
33010,5
196835,4
206757,3
4911,1
72621,4
27750,1
205561,4
199213,3
122917,4
176281,4
37796,3
85727,4
8838,4
24957,2
117052,4
184761,4
76207,4
120394,4
64894,4
117746,4
178671,4
10700,4
72776,4
66626,4
29189,4
23863,5
178913,4
144452,4
72390,4
156446,4
160536,4
98748,4
42512,3
3118,1
20956,4
97334,2
7730,4
107439,3
133166,4
47903,4
7698,4
177179,4
43717,4
14701,4
44521,4
14279,4
33097,4
7908,4
74808,5
84668,3
136151,2
163374,2
48585,4
144573,3
134466,4
136851,3
212054,4
48259,4
19108,4
149266,4
8207,5
18335,4
127369,3
30174,4
198297,4
20467,4
56580,4
183845,4
119982,4
189477,4
145167,4
167775,2
45426,3
101955,4
68508,3
157109,4
85922,4
96014,4
181929,4
157144,2
206418,2
28971,4
93466,4
189940,4
144361,2
21252,4
146096,4
102206,4
170253,3
150671,2
169112,3
191733,3
155466,2
150275,3
51515,4
185023,5
144167,4
61983,4
87894,4
83569,3
142960,4
90163,4
17257,2
47409,5
171957,3
72097,4
72458,4
206512,4
61697,4
155016,2
14342,4
47122,4
165474,3
149883,2
111918,3
138127,4
206668,3
16280,2
153906,3
32025,4
419,4
30133,4
148318,2
103228,4
61668,4
34514,5
201315,3
178332,4
14583,4
3382,4
199729,3
202535,4
2181,2
61283,4
49754,4
185727,4
197158,3
181086,4
156348,4
155465,4
164647,4
27982,4
46137,1
112835,4
101926,4
164368,4
109802,4
103378,2
181882,2
211643,3
149674,4
179622,3
24126,2
91116,4
211612,5
174168,4
47560,4
203828,4
191806,4
171868,4
58232,4
159505,4
191505,4
12806,4
75245,4
159794,4
112139,4
78388,4
176161,4
67276,3
49851,3
36524,3
80895,1
2679,4
43938,2
36525,3
83979,4
21971,4
185373,4
164011,2
138652,4
125863,3
123413,4
83592,3
13844,4
112372,4
44643,2
66456,3
109552,4
60898,4
24179,2
206588,3
197852,4
24378,3
50586,4
88119,4
109292,4
128363,3
96285,3
50843,4
194572,4
186680,4
17477,4
127387,4
113335,4
193272,3
181260,4
26888,4
93583,4
107516,4
131452,4
76344,4
67901,3
128950,4
203940,4
6999,3
109989,4
98755,4
8197,4
191411,4
135681,3
56374,4
12808,1
148070,2
28313,4
206387,2
50173,4
48806,4
75815,2
181103,4
93102,4
10324,4
195977,4
114512,3
15845,4
161478,4
140016,4
102973,2
118175,4
69789,4
24643,1
1820,4
47977,4
113970,4
210599,4
120814,3
67462,4
75684,4
19286,4
130350,3
167922,2
38017,3
51174,4
35066,4
88357,4
128729,3
74160,4
46735,4
197420,4
97672,4
134315,4
182646,4
136619,3
78081,4
2633,2
1976,4
193884,4
36562,3
103724,4
181283,3
7351,5
62749,4
81426,4
126289,4
199477,4
101286,3
148631,2
121663,3
78311,4
78384,3
212333,4
53670,4
6500,5
32942,4
206155,4
154836,3
40940,4
57817,4
14285,4
151923,4
155736,3
17818,5
150649,2
79460,4
43460,4
61819,4
164014,4
46337,4
13656,4
101521,4
166287,3
132788,3
206243,2
116020,3
44684,3
87767,3
55064,4
113046,4
187785,4
36696,2
178978,4
122236,5
149170,4
3057,2
80736,4
13829,4
9237,1
84067,4
51190,3
101265,1
176121,4
151784,4
144443,4
14196,4
134478,4
141702,3
105984,4
190417,4
100363,4
85828,4
37768,4
107702,4
87543,2
128347,3
65910,4
49400,4
89107,4
163587,3
59543,2
158268,4
15771,1
124294,4
38473,3
50449,4
60605,4
188824,4
149994,4
62004,4
178072,4
51870,4
89009,4
56346,4
109204,4
91524,3
95714,3
203693,4
35078,3
103969,4
195385,4
173148,4
199002,4
63746,4
140564,3
72472,4
165358,4
6700,3
134043,4
80072,4
166023,2
125698,4
175287,4
186975,4
185791,5
52508,4
181402,4
173995,3
132504,3
176357,4
80369,2
42387,4
165485,4
200149,4
192820,4
175482,4
129570,4
191159,4
186373,4
8548,4
172509,3
110412,4
70279,3
129377,4
84567,4
79809,4
138341,4
200505,3
152061,4
165059,4
24734,5
156096,4
90462,2
57776,3
137070,1
178088,4
211516,3
73064,2
148755,4
48772,4
174372,4
109840,4
8948,4
7292,4
50042,5
160260,4
135133,3
183823,4
127303,3
21413,4
135027,3
78908,3
147814,4
84120,4
18771,1
109921,4
57435,4
193932,4
155705,4
167597,4
190804,3
94751,4
140007,4
192248,4
6059,2
6075,3
80443,3
92293,1
84681,4
126428,3
164875,4
93372,4
25606,4
12079,4
149024,4
68128,1
40749,4
77866,2
35604,3
168520,3
126806,4
151972,4
76452,4
185799,4
63839,4
133277,3
46569,4
146961,3
153828,4
161682,3
65626,4
101203,4
20340,4
199856,4
173971,3
122723,4
163069,4
114748,2
145862,4
138366,4
46128,4
124752,4
15069,2
199712,4
25504,3
18683,5
174451,4
66012,4
130287,3
118946,4
98168,4
13009,4
191716,4
158840,2
211766,3
123418,4
175241,4
132101,3
74470,4
142962,3
129901,3
175689,4
54893,4
6101,5
71346,4
79092,2
168909,2
115820,4
128664,3
14314,4
3181,4
179643,4
72719,3
183758,1
137049,3
93529,4
114813,3
163447,3
211252,4
45288,4
35490,3
79593,4
167114,4
192523,3
160814,4
115986,4
12080,2
94487,4
170060,4
92851,4
211476,4
130412,4
184732,4
50025,4
180820,4
48472,4
5759,4
14424,4
186818,3
66353,4
212272,4
151870,4
55867,4
151281,2
130034,3
62322,4
157582,4
34264,3
99755,4
28192,5
101394,1
28766,4
15996,4
118290,3
210858,1
92217,4
115220,4
115985,4
44335,3
148053,4
63619,4
29641,4
57734,4
207198,3
7354,4
185985,4
96162,4
32989,4
68037,4
28974,4
199637,3
37963,2
88701,4
157835,2
139512,2
62986,4
132592,4
33874,3
198548,4
108606,4
164843,4
145632,3
130023,3
173170,4
174636,3
55761,2
163825,4
68838,4
17977,1
39351,2
178738,4
191006,4
28697,3
35449,3
15755,4
41465,4
114652,4
156874,2
5757,4
155512,2
60397,1
135213,4
75959,4
164095,4
143664,4
130631,3
147205,3
44710,4
68724,4
134272,4
177752,5
133182,3
102560,4
79243,3
58155,5
14137,4
124163,4
169233,4
179916,4
165975,4
199768,3
44089,3
55104,4
112670,3
195052,4
62163,3
66037,4
140141,3
43676,4
109868,4
75000,2
164412,4
76753,4
156704,4
189630,5
28624,2
20513,4
45363,5
145691,5
109043,4
104333,4
104214,4
208163,2
165055,4
199973,4
207475,3
190781,3
55051,4
9477,4
32239,2
94275,4
132934,3
5858,3
29798,5
139208,3
16388,1
147612,4
148879,4
185503,4
188175,4
208262,4
35437,2
25466,4
210181,3
80915,4
187466,1
171419,4
199700,4
53771,4
93791,4
105816,4
86299,4
172384,4
195976,2
164850,2
146995,4
114292,4
96511,4
49289,4
119747,4
13505,4
56937,4
73220,4
196085,4
104552,4
175814,4
107708,3
104116,4
44775,4
72386,3
48992,4
146124,3
37898,3
155276,2
71878,2
115807,4
189663,5
103231,4
108951,3
58117,4
97568,4
77849,4
20333,4
152264,4
91309,4
77221,3
32636,4
52617,4
124223,4
55902,4
194992,4
46601,4
34181,3
190613,2
157460,4
112554,4
78312,4
209200,3
31659,4
140161,3
23456,4
160898,4
156559,4
120658,3
166313,4
202280,3
134236,3
65753,4
129440,3
206801,4
88903,4
178886,4
98994,3
164448,4
72763,4
118077,3
48809,4
196060,4
91657,4
156121,4
177625,5
67479,4
110731,4
196620,3
154550,4
66763,4
10464,4
177013,5
86709,4
102354,4
139821,4
176044,4
203022,4
103335,4
49664,4
23281,4
158902,4
11348,5
196603,4
110105,4
3952,4
65892,4
37526,3
62940,3
135104,2
100723,4
87639,4
112190,4
124569,4
95182,4
88067,2
13542,4
105020,4
145814,3
11039,1
135165,4
125490,4
136121,3
137511,4
59579,1
153384,4
55466,3
42835,4
142928,3
64201,3
60984,2
102091,4
128258,4
148999,4
29244,4
60852,3
63434,4
185987,4
117019,4
90527,4
58753,4
10365,4
21729,4
25087,4
209813,4
13130,4
148256,4
12581,4
145447,3
188771,4
50580,4
51200,4
139386,2
180676,2
112376,4
117541,3
30753,2
111521,4
17983,5
152188,4
138180,4
91108,4
39928,4
60938,4
28724,3
56392,2
152358,4
34478,3
7824,4
180126,3
103367,4
208490,4
137264,4
54821,4
89687,4
35941,3
48518,4
69816,4
109563,4
84421,3
145376,4
15413,4
30951,4
143560,3
30556,4
26151,4
211990,4
102812,4
115728,2
197705,4
140680,4
112867,3
129476,4
120144,3
83627,4
120364,4
54314,4
34923,3
198361,2
175823,4
153818,4
157432,2
146021,4
167020,4
182686,4
197773,4
152837,4
16634,1
36449,4
103790,4
31692,4
29208,4
104974,4
35808,4
182270,5
171402,2
59592,4
62129,4
85495,2
155496,4
101147,4
133031,4
193117,3
82890,4
8516,4
114240,2
171784,4
99817,4
125717,3
87534,4
9008,3
55024,4
128642,4
122675,4
127084,4
113929,3
51280,3
55055,4
108678,4
105720,4
100199,4
163382,4
95548,4
190817,4
145751,4
187789,4
55642,4
49727,4
134701,4
10817,3
135488,3
176689,4
94584,4
78625,4
181175,4
33903,2
178162,4
21132,4
73243,4
101362,4
147515,4
195296,3
13246,4
211356,3
108315,4
133849,3
154208,2
28227,4
9784,4
148437,5
84121,4
161596,3
16700,2
26087,4
3797,4
35197,1
60500,4
9585,3
196168,3
189075,4
205459,4
56185,4
104023,4
85111,4
69740,4
54840,4
61344,3
51152,4
189861,4
41386,4
43278,4
99480,4
505,4
129881,3
178528,4
11331,4
62588,3
181811,4
197261,4
52537,4
82538,4
42627,4
159713,4
96354,4
204253,1
37559,4
93341,4
153649,4
90354,1
92649,4
73284,4
29120,1
126222,3
171861,4
114134,4
25396,3
179944,4
74029,1
21464,4
99638,4
125567,4
71256,4
206582,3
4795,3
196896,5
172932,4
126127,4
154231,4
186190,4
72199,4
131425,3
116796,3
98659,4
44682,4
14064,4
22809,4
134030,4
200762,2
198847,4
4256,4
109076,4
56496,4
150110,4
153249,4
73007,4
51257,4
143507,3
191468,4
100112,3
35694,3
42906,4
133956,4
163622,4
69587,3
54498,3
160221,3
69218,4
127399,4
44786,4
117550,4
89933,4
58079,4
179650,4
97153,4
66636,4
38373,2
34784,4
12518,4
28278,4
167536,3
16637,5
155809,2
123470,4
153271,4
119570,4
162193,4
50427,3
210617,4
71304,4
180207,4
175997,4
73841,3
142893,3
47081,4
17029,4
158373,3
129559,4
37103,3
111482,4
145187,3
200823,5
31003,4
23325,4
78926,2
161240,3
70636,4
191694,3
116233,4
114145,4
114906,4
143378,4
189096,4
49676,4
104561,4
190122,3
186491,4
84385,4
172983,4
111540,4
204831,4
53182,4
8818,3
16039,2
137918,3
129,4
154798,2
111222,4
199076,3
115231,3
113340,4
2367,4
37332,3
90928,4
192395,4
49003,4
83386,4
129557,4
192830,4
14961,4
176509,4
193410,4
40053,4
126505,3
194938,4
43265,3
125082,4
60799,4
191692,3
142409,3
89761,4
199781,4
22815,4
27136,4
38475,3
24695,5
46755,5
273,2
14078,4
124363,3
73418,2
6213,4
45878,3
114336,4
161867,4
178844,4
139465,4
51564,3
29981,4
135265,2
47974,4
22273,4
86774,3
97372,4
167645,4
43219,5
137059,4
99282,3
86429,2
99145,4
96332,4
5058,4
76214,3
86323,4
153626,4
51008,4
128247,3
13248,4
104105,4
210419,1
45243,4
36885,2
65448,4
149581,2
195981,4
121304,4
149917,4
208183,4
105681,4
178720,4
140617,4
203328,4
56954,4
197746,4
109757,4
7524,4
6705,2
54535,2
144558,3
120671,4
58570,4
114181,4
22272,4
101624,4
111003,4
99380,4
78826,4
47902,4
152040,4
200586,4
83735,4
190580,4
195969,3
98433,5
114242,4
103511,4
185090,3
138793,3
102088,4
53516,4
92841,4
114969,4
181608,4
29280,4
89302,4
74629,4
46090,3
156231,4
67488,4
79797,4
117929,4
145575,4
6379,4
20238,4
125324,4
44839,4
41118,4
174247,3
30588,4
205363,4
156931,4
92383,4
169760,3
1826,2
69815,4
31820,4
23420,4
148932,2
185644,4
27107,2
46941,5
118895,4
116184,4
49601,4
195864,3
157652,4
121819,3
56676,4
102199,4
121604,3
89862,4
15128,4
73544,4
126666,4
73383,4
63080,4
144165,4
185694,5
25245,4
9459,2
155426,4
79055,4
50079,3
203311,4
139073,4
125486,4
86305,4
185907,4
67478,4
145553,4
5627,4
185076,4
134696,4
151639,2
134301,3
21914,4
207759,4
152663,4
19463,4
28405,4
121712,4
41185,4
57139,4
183770,4
129637,4
186751,4
188199,1
137765,4
101137,4
71079,4
107098,4
22895,4
72186,4
174440,4
61343,3
51259,2
202768,4
69970,3
63419,4
141978,3
208006,4
175774,4
66080,4
58934,4
36296,1
207073,4
7677,4
52915,4
117040,4
87708,4
111923,4
106666,4
21543,4
164594,4
97059,4
145146,4
148916,2
53842,4
75151,4
49208,4
134968,3
184918,4
195310,3
194684,2
209169,2
34854,3
210584,3
120445,3
67908,4
77883,4
132264,4
152251,4
155327,2
2022,4
166191,3
131826,2
80217,4
196190,4
1977,3
81624,4
52496,4
109855,4
207004,2
193301,4
28501,4
172790,4
128252,4
170580,2
158102,2
154480,4
179974,4
111419,4
99295,4
180469,4
104717,2
10982,4
178562,4
99330,4
190267,4
68778,4
175240,2
101139,3
207120,4
198115,4
14733,4
82623,4
93214,4
135801,3
194759,4
60087,4
108476,4
9330,4
43985,4
127961,4
15001,4
34873,4
115711,4
68953,3
60299,4
23661,4
186330,4
128060,3
70720,5
62569,4
85129,4
157651,4
18305,5
105917,4
105955,4
136333,4
32312,4
201704,4
210253,3
93310,4
200655,4
176956,4
73657,4
34386,4
165239,3
10649,4
189661,3
93043,4
149043,2
147669,4
25817,4
42010,4
209997,3
118304,4
157311,3
112061,4
42022,4
4115,4
29156,2
65120,4
67212,1
52205,2
58856,4
113066,4
119987,3
62944,4
96578,4
39870,4
72744,4
196282,1
180704,1
111389,4
94255,3
91624,3
68499,4
166838,3
117023,4
172137,3
212108,3
9945,4
102464,4
152928,4
7640,1
204583,4
80896,4
88749,4
203483,4
113090,4
55320,4
73188,3
163978,1
207617,5
50323,4
79824,4
40178,4
60358,3
41339,4
168858,2
122360,3
76658,4
114213,4
50208,2
136510,3
53911,4
90307,4
100212,4
137055,4
107923,4
76782,3
2571,4
189700,4
10306,4
113376,4
140692,4
22527,4
84167,2
176951,4
79047,4
22733,4
209347,4
93742,2
55670,4
161809,3
77058,4
73857,3
105563,4
119225,3
127427,4
3227,4
95283,4
138590,3
37078,3
31287,4
57218,4
58562,4
160913,2
9838,1
146456,3
132336,3
160986,4
93477,4
102203,4
194125,5
189745,4
122004,4
95531,4
179553,4
126139,4
179058,4
988,3
190072,4
143419,3
78520,4
155830,4
117601,4
140004,3
141334,3
107867,4
53575,4
123184,4
63405,4
53631,4
43119,4
99065,4
159312,4
49291,4
110132,4
171662,4
126684,4
149033,3
116266,4
142508,2
21812,4
48092,1
119016,4
156746,4
67284,2
135277,4
35675,3
193881,4
170832,4
132403,2
69880,4
158873,3
85931,2
75747,4
205232,3
37163,3
8262,5
85522,5
50988,3
127823,4
206596,4
101382,4
198960,4
143916,4
98853,4
57384,4
55663,4
139503,3
174205,4
150663,3
186814,4
28104,4
37546,3
186508,4
15920,4
210848,3
22282,4
31837,5
138191,4
80516,4
77273,3
20787,4
36115,4
138505,4
184986,4
79210,4
51762,3
200396,4
79455,4
77917,4
3901,4
47532,4
63306,4
93698,4
132186,4
133854,3
132015,4
105827,4
11129,4
173870,3
117119,4
207641,2
90567,4
128024,4
30077,2
151375,4
90336,1
36716,4
171426,3
94039,4
149862,4
35156,4
143631,4
95187,4
16386,2
61811,3
62246,4
61802,4
207244,4
77482,3
60507,3
182733,1
92406,4
152075,4
9883,5
191774,4
33816,4
127495,4
135782,4
167074,4
192574,3
56303,4
72953,4
94491,4
99955,4
147195,4
87408,4
199560,4
182309,4
147836,3
173823,4
185647,4
22348,4
84740,4
80926,3
22404,4
205739,4
89057,4
125384,4
120566,3
12180,4
67357,4
20445,4
42896,4
140846,2
26310,4
138199,4
202327,4
23282,2
162021,3
109609,4
137593,3
23069,4
49979,3
199369,3
8558,1
46173,4
76196,2
99012,3
41376,3
58713,3
165044,4
152965,4
32483,4
179355,4
66563,3
180931,4
152575,4
28723,4
573,3
97689,2
109593,4
120842,3
153022,3
138887,4
201089,4
183285,1
177147,4
73182,4
134426,4
137929,4
78519,4
179697,4
175697,4
87077,3
27418,4
48691,4
92381,4
79157,4
133305,4
88565,4
58675,4
82367,4
73274,4
4031,4
201502,3
202641,4
177072,4
142456,4
178062,4
158813,3
92849,4
145442,4
134291,3
170293,3
88936,4
183444,4
146019,3
75381,4
184506,4
190646,4
54295,4
193379,3
130141,3
150731,4
167069,4
29690,4
179904,1
198376,2
210780,1
128297,4
105201,4
82061,4
30376,4
16902,1
128712,3
106978,4
110470,4
37897,4
13508,4
166442,4
24965,2
28140,4
10383,4
49908,4
24823,4
41545,4
18121,5
10493,4
153134,2
53132,4
153889,2
62663,4
711,4
68505,3
111625,4
186763,4
129673,3
103282,4
204601,4
132887,4
26621,4
96216,4
146340,4
205267,4
143620,3
3451,4
180413,4
123241,4
35117,4
185732,2
37465,3
167759,4
133799,3
74982,4
58211,4
80530,4
25590,4
102988,4
27422,3
121956,3
77145,4
32247,3
135344,4
127527,4
133574,4
110410,4
93585,4
71823,4
138840,1
76343,4
92266,4
132360,3
172025,4
159221,4
3610,2
193317,4
20759,4
29807,4
32043,4
51917,4
57507,4
2331,4
126252,4
56051,2
119426,4
175884,5
11010,3
132236,3
209832,3
35014,4
27189,3
123325,3
120599,4
180370,4
1300,2
83139,4
52821,4
71243,4
135873,3
88822,4
182811,4
84042,4
132563,4
36867,3
62204,4
84154,4
107307,4
150891,4
125792,4
135519,4
34366,3
200684,3
172975,4
136951,4
8266,3
142586,4
46877,1
183536,4
54052,4
163423,4
24750,3
198796,4
146201,4
70823,3
91504,2
119376,3
6893,4
157270,3
64987,4
34580,5
102953,4
112682,4
200717,4
48860,4
6729,1
155510,4
97224,4
58226,4
10137,4
28225,4
206601,4
45928,3
47615,5
90760,4
150392,2
125304,3
56736,2
40065,4
73104,4
56871,4
134387,4
33255,4
188169,4
158386,4
38129,4
102570,4
140192,3
101504,4
101189,4
8627,4
193627,3
165820,4
175749,3
195320,3
116786,3
92540,4
62427,4
125837,3
137024,4
68688,2
153445,2
40855,4
159776,2
202242,5
43170,3
63513,4
9570,2
155469,3
74096,4
98224,4
124543,4
90910,4
121709,3
7763,3
129035,3
54273,4
111802,4
160437,3
26220,4
146174,3
129528,4
88311,4
81309,4
167712,3
148710,4
204972,4
8509,4
7277,4
90869,3
91410,3
190392,4
150679,5
149425,4
351,4
163060,3
106481,4
180339,4
47760,4
191549,4
50076,4
60223,4
13845,4
122215,4
121995,3
82332,3
122733,4
152491,4
131633,4
70380,2
28596,1
184701,4
121531,4
113599,2
102461,3
203882,3
154797,4
181680,4
20423,4
198881,4
196066,3
83997,3
12068,4
113924,4
144002,4
37519,3
60829,3
107943,4
90232,3
197050,2
100089,4
160748,3
59493,1
36657,4
65703,4
19319,4
15579,1
185868,4
135750,3
5935,4
55494,3
205410,4
171428,4
164292,2
75756,3
51767,2
146929,4
212314,4
168788,4
111267,4
202559,4
178467,2
104278,4
151747,4
31698,3
136253,3
149821,4
144965,4
149766,4
188374,4
177978,5
148355,4
164631,4
30773,4
65479,4
204509,4
23231,4
92566,4
1922,4
24852,4
178713,4
111656,4
17923,4
46717,4
34317,5
92281,4
202076,4
44164,3
56590,4
161026,4
177470,4
64037,4
81295,4
177554,1
157456,3
105331,4
164495,4
81833,4
43800,3
53265,4
23140,4
86393,4
37390,1
115388,3
16653,5
124710,4
176180,4
17405,4
168499,4
102456,4
98912,4
130817,4
63781,3
124943,4
121650,3
132927,3
205751,3
28053,3
3896,3
11200,3
41011,4
157585,2
201976,4
125318,4
78897,4
24870,4
73867,4
36729,5
208571,4
41275,4
192088,4
61187,5
21615,4
76154,4
71498,4
121504,4
210763,3
162528,2
154656,4
156460,4
144201,4
117643,4
93370,4
156008,4
61992,4
78057,3
184708,5
91171,4
158123,4
172828,4
136183,4
175988,4
18572,5
104039,4
155309,4
162263,4
192292,1
104538,4
74699,3
106899,4
114011,4
201052,4
162787,4
89539,2
63821,3
177061,4
176290,4
74157,4
142391,4
131281,4
40045,4
26757,4
101557,4
105327,4
54539,4
184749,4
134762,4
205065,3
29660,4
35722,3
67896,4
25948,3
110591,4
53152,4
1457,4
7733,4
127573,4
192765,4
141381,4
56391,2
91571,4
166075,4
184963,4
109008,4
74390,2
103266,4
139712,4
146969,3
174960,3
196041,3
159566,2
169601,4
69312,4
69251,4
146940,4
139197,3
23077,4
36757,3
158242,4
96614,4
208838,4
172002,3
194495,2
206321,4
25047,5
85576,3
177460,2
81315,4
65710,4
89902,4
110751,4
190636,4
81781,3
14542,3
82815,4
122483,4
12479,2
92208,4
32513,4
14399,4
47710,4
170291,3
67487,3
53464,2
158884,3
71653,4
32971,3
79287,4
62350,4
158854,2
135961,4
154234,4
186440,4
175098,4
85052,4
69129,4
89138,4
60903,4
96387,4
167003,2
80909,4
86907,4
146097,4
97923,4
28064,4
5254,3
38483,3
7299,1
91332,4
128653,4
160852,4
12796,4
152950,4
191985,4
9397,4
63380,4
201035,4
171643,4
43020,3
171847,4
92495,4
51640,4
119846,3
71849,4
112572,4
194895,2
28355,3
181551,2
1143,3
51492,3
24397,4
200074,3
126459,4
2316,4
113683,4
74724,4
27471,4
38417,3
40795,3
76903,4
198892,4
1540,4
82627,4
140053,4
209290,4
42573,3
136101,3
196546,3
55497,2
125004,3
207620,2
138105,4
6393,4
157974,4
19886,4
79672,4
142726,3
73772,4
154852,3
125273,4
149292,2
197101,3
91934,4
5588,1
179902,4
38175,3
34925,3
163612,4
79512,4
108323,3
204980,4
128977,4
198788,4
196395,4
126782,4
168609,4
97759,4
128662,4
50632,4
211629,4
133511,3
97837,4
169370,4
159117,4
170640,2
71801,1
68636,4
151277,4
151274,3
193033,3
46736,4
59142,4
166130,3
75575,4
191476,3
162878,4
73448,4
14366,4
148400,4
98783,3
203402,4
121746,4
28621,4
183009,4
34224,4
88843,2
196474,4
104157,4
37046,4
141990,4
112153,4
90812,4
10094,5
160608,4
54924,4
89989,4
53438,4
188862,4
110462,4
126510,3
86221,2
178115,4
183672,4
103207,4
48841,4
60792,4
72600,1
8968,4
96992,4
116530,4
68507,4
76681,2
181965,4
180909,1
182556,3
53497,3
143105,3
8045,4
157520,4
176332,4
88483,4
155455,4
115928,4
120067,4
92072,5
206687,4
26596,4
178865,4
63990,3
116793,3
49779,5
166126,4
92537,4
173380,4
58393,4
148325,2
165733,4
201094,4
78302,4
76156,4
44309,4
36669,3
196470,4
133423,3
115177,4
90261,4
163064,2
36114,2
129784,4
178746,4
27445,4
125639,4
174253,3
65039,4
65981,3
39998,4
71437,1
113635,4
108526,4
173825,4
49816,4
166720,2
44862,3
127658,3
78207,2
125980,4
68820,4
175972,3
19796,1
2233,4
157025,4
26518,3
76351,3
70241,4
188343,3
202232,3
171154,4
211851,4
202093,4
156733,3
134779,3
104860,4
175009,4
206528,3
154548,4
121852,3
164657,4
156803,3
96013,3
168144,4
128270,3
172119,4
51112,1
177114,4
152434,3
148802,4
151507,4
72642,4
50358,4
121873,4
16636,2
62955,3
36500,3
147332,4
85510,4
74738,4
208688,3
66176,4
181983,4
164258,4
39546,4
12917,4
105326,4
69711,3
117564,4
133290,4
205592,4
210246,3
37407,3
46572,4
155898,4
195159,4
166372,4
151610,4
185331,4
95101,4
168956,3
108216,4
154465,4
22252,4
18129,4
120108,3
9833,4
132523,4
8137,3
81763,3
91391,4
82448,2
117156,4
24926,4
29478,3
29091,4
117403,3
121453,3
93746,4
129329,4
79346,4
141986,3
162897,4
123203,4
54307,4
18428,4
84113,4
34130,3
142636,4
76472,4
94748,4
83193,3
59443,4
113317,3
49529,4
98519,2
151515,3
113229,4
179781,4
108633,4
176938,4
209043,4
155564,4
43414,3
68961,1
169276,4
167996,3
27542,4
49273,4
71515,4
184999,4
86331,4
131885,4
120467,3
115778,3
99870,4
51813,4
458,2
58381,4
163755,4
17120,4
33925,3
79001,4
45307,4
98302,4
107230,4
90916,4
9787,4
150974,4
117706,3
144224,4
83543,4
176424,3
67927,4
96665,2
173286,4
118987,3
168944,4
149809,2
159583,2
46527,3
3242,4
7497,4
141513,2
151799,4
110832,4
141133,4
175504,4
107105,4
19310,4
68672,4
108341,4
190405,4
158839,2
46041,3
44750,3
127041,4
48945,4
146322,4
147377,2
162096,4
107192,4
165636,4
142025,3
147451,2
116634,2
134681,4
116234,1
146947,4
185690,4
70374,4
112807,4
157948,4
71381,4
185709,4
146957,3
84856,4
142126,2
173600,2
86744,4
192172,3
143903,3
2741,4
20854,4
28681,3
204122,4
92951,4
54495,4
128976,3
198561,4
58241,4
138384,3
884,4
37234,3
22648,4
30327,4
17967,4
12916,4
56528,4
194279,4
47198,2
173911,4
191150,5
46440,4
205294,4
60720,5
145463,4
206657,3
20888,4
113253,4
185970,4
167374,4
91506,4
50242,4
182984,4
36749,3
41038,4
205872,4
94505,5
78050,4
2002,4
66232,4
61548,4
77923,1
198602,3
168581,2
31847,1
119059,4
95565,4
16788,1
153568,4
60895,2
50576,2
57045,4
24296,5
137013,4
211497,4
158718,4
119782,3
29945,4
160403,4
7643,4
34960,3
113354,3
174441,3
108063,3
205365,4
74692,4
29848,4
123522,3
204103,3
130903,3
108849,3
101322,4
192885,4
17222,5
185206,4
125529,4
15131,1
20036,4
45282,4
114536,4
126509,4
123236,2
30418,4
98088,4
99618,4
114834,3
101766,3
160524,4
29724,4
92336,4
184782,3
67570,2
25113,4
35800,3
131105,3
117944,4
70957,4
169405,4
181133,4
2498,3
104282,4
201901,4
175402,3
155858,2
71253,1
130581,4
101771,4
26784,1
108399,4
116596,4
22514,4
170584,4
137064,3
105154,4
208882,3
78136,4
62761,4
32490,4
28503,4
104956,4
85730,4
56099,4
1790,4
201713,4
111887,4
162746,4
86790,2
82930,4
198256,4
106473,4
120297,3
30303,4
169043,4
15229,4
169863,4
176565,3
152631,4
136107,3
31482,5
44081,4
130142,3
110496,4
90801,4
84386,2
177654,4
11359,4
106027,4
110480,4
80629,4
108973,3
89099,4
62572,4
156990,2
47763,4
162538,4
41709,4
104357,4
197938,3
144874,5
123755,4
129029,4
208873,4
194023,4
198729,4
184284,4
57285,4
146850,3
28706,4
94742,4
36886,3
190849,4
211267,1
148528,4
177493,4
10106,4
23242,4
29496,3
133284,4
165174,4
153162,4
174393,4
112274,4
195433,4
30210,4
12927,4
11796,3
180591,4
111002,3
31839,4
79442,2
161000,3
170725,4
62806,4
165564,3
137276,3
67686,4
50001,3
26623,4
176972,4
16212,4
210772,3
63494,4
41473,4
124689,4
80465,4
210274,4
18094,5
168212,4
118255,4
207872,4
8105,2
17170,4
138820,4
31056,3
106510,4
81620,2
175036,4
145389,4
191683,2
120701,4
123009,3
24286,5
191488,4
17712,2
39115,4
92633,4
87207,1
188200,4
201801,4
119569,4
127528,3
126589,2
81160,4
206326,4
115448,4
46646,5
205732,4
42455,4
118629,3
41887,4
200622,4
28710,4
194945,4
83517,3
127363,4
134254,4
148088,4
63563,4
122464,4
154063,4
42403,4
46670,4
198794,4
120251,4
75517,3
47848,4
99758,3
82033,4
134890,4
57256,4
94798,4
53079,4
122806,4
200470,3
15156,5
198321,4
172613,2
130338,4
45804,4
36756,3
202551,4
57213,4
109514,4
178127,4
130849,4
129654,3
6603,3
36522,3
168718,3
48981,4
155803,4
109068,4
208816,3
125569,4
142027,4
114723,4
26229,4
167443,4
8523,4
110141,4
33646,4
63428,4
34644,3
30016,3
155090,2
131206,3
78568,2
5836,3
145686,5
28457,4
81762,3
143870,4
72291,4
88872,4
18475,2
171117,4
121203,3
22981,4
29039,4
133720,4
169905,2
66980,4
140670,4
71364,1
107916,4
71213,3
182164,4
206866,4
116316,3
78724,2
123712,3
60909,4
39731,4
78479,4
211868,4
89337,4
12548,4
96145,2
53684,3
122764,4
30870,4
141055,3
193348,4
88875,4
146642,4
197991,4
112208,3
42745,4
40444,2
12272,4
156950,4
203807,3
154826,4
165143,4
190199,4
25719,3
118113,4
28042,4
79270,4
181548,3
60639,3
32973,3
155155,4
155191,3
80411,4
22296,4
65006,3
8839,4
25093,4
137917,3
64537,4
15978,4
130749,4
87375,4
147118,4
186784,4
16543,4
179891,4
147132,4
11052,4
138984,2
117002,4
68013,2
204082,4
199864,4
12142,5
79466,4
113080,4
157934,4
2130,4
128119,4
33972,1
1933,4
80816,3
165774,4
7950,4
33932,4
162876,4
103596,4
151865,4
202671,4
163411,4
128006,4
140083,4
135949,3
148763,4
111707,4
30690,3
59988,3
152464,4
76856,4
182598,4
187882,4
180164,4
56667,4
119905,4
54050,3
140460,4
143939,4
179573,4
144273,3
41324,3
170079,4
204598,4
32277,4
61647,4
43500,3
87886,4
180715,4
212332,3
29040,1
32271,4
44411,4
81376,4
205548,3
168529,4
36693,3
189388,5
145615,3
161160,4
184597,4
73465,4
184391,4
86691,4
77358,4
23333,4
205274,4
102700,4
17840,4
81631,4
5955,2
122364,3
147867,4
200511,4
179849,4
165686,4
23209,2
136477,4
94063,4
145704,2
110560,4
93178,3
114945,4
83692,4
152648,3
191803,4
127188,4
162963,4
33158,2
168345,3
184942,4
49465,4
42181,4
40087,3
153374,4
174511,4
169382,2
24857,4
209573,4
123812,4
148331,4
204966,4
128850,4
97716,4
93331,4
56220,4
62141,4
75105,3
162225,4
47895,4
68315,4
147633,3
28315,4
84125,3
83841,4
194336,3
70611,4
59035,2
51732,4
104839,3
178628,4
82744,4
155939,4
27991,4
5548,3
27549,4
89737,1
203972,4
174768,4
168908,4
43212,3
47690,4
24542,5
99606,3
133786,4
64845,4
59618,4
163909,2
123149,4
3826,4
30180,4
199992,3
66484,4
102316,4
187272,4
208445,4
130033,4
147768,4
150935,2
176146,3
143163,4
74557,3
104474,2
93956,4
5758,4
167730,4
196676,4
79695,4
171215,4
157551,4
175806,4
27170,4
114710,4
167155,4
16962,4
73282,4
141421,3
141680,4
28758,4
67671,4
87281,4
122130,4
200800,4
125786,4
211010,4
11458,4
184814,4
77114,4
139359,4
91370,4
71552,4
62429,3
135547,4
117214,4
2417,4
19217,1
98429,4
50643,4
39402,4
41527,2
208466,2
22816,4
185360,4
33955,4
28720,4
107711,4
177626,4
201562,4
160248,4
189846,4
105560,4
178863,4
188685,4
94110,4
95744,3
112316,4
174333,4
2303,4
131540,4
78746,4
39823,3
118224,4
61118,3
549,4
102861,4
32073,4
161260,4
113731,3
9575,5
158767,4
184620,2
91035,4
8113,1
33327,4
49475,4
186428,5
91490,4
123928,3
65132,3
155818,1
157136,4
88332,4
100525,4
208303,4
184260,4
70093,3
204560,4
75154,4
42492,2
159999,3
110487,4
211986,1
191374,4
50944,2
205840,4
117039,4
88364,4
128132,3
7781,4
127352,3
80905,4
204536,3
40614,4
157124,3
84748,2
115538,4
199551,4
80647,4
58361,3
11491,4
198306,4
194108,2
49099,4
48609,4
128746,3
162642,2
134705,2
191460,4
143176,4
31557,4
133030,4
92878,3
77292,3
59039,2
39969,4
180977,4
16103,1
99812,3
43364,4
32493,4
92287,4
73737,4
108785,4
110472,4
93599,3
192065,2
150502,3
153655,4
7486,2
13002,4
91576,4
49791,4
75413,3
162761,4
139801,4
6025,3
170144,3
27894,4
84697,3
199963,3
171842,4
126785,3
192424,4
77720,3
82891,2
1599,2
207867,4
109898,4
177715,3
17281,5
170802,4
61796,4
176599,4
196158,3
105069,4
136555,4
37776,3
107022,4
58044,3
150767,4
132451,4
195816,3
155566,4
62970,3
163039,4
144576,3
13458,2
193959,4
143676,3
199115,4
180816,4
176217,4
42400,4
138853,3
86357,3
5960,4
116077,3
30459,4
47721,4
202756,3
54705,4
34360,3
172581,4
69257,4
154679,3
43276,4
64921,4
205132,4
190408,4
201030,4
149362,4
160145,2
116663,4
64227,4
107933,4
190102,3
208134,4
162505,3
79371,4
49885,4
15514,4
77198,4
72677,4
2346,4
72328,4
29656,4
160619,3
112034,4
23081,4
137261,2
121290,4
184414,4
1837,4
27964,4
182417,4
210049,4
183441,5
5791,2
111322,3
13202,4
61889,3
73852,5
120089,3
166705,4
166063,4
52011,4
183869,4
104497,4
194729,3
55578,4
58363,4
69470,3
171917,4
1552,4
8198,4
210141,4
30430,4
113625,3
192256,4
63377,3
160243,3
52106,4
115881,4
108022,4
83658,4
118556,1
202621,2
3464,4
111987,4
50327,4
179647,4
175497,4
37072,3
174655,4
147592,4
148858,4
150614,4
4526,4
97538,4
111300,4
89746,3
200024,4
2146,4
139946,3
94797,4
21903,4
111893,4
105103,4
169659,3
40245,4
13694,4
182228,4
97467,4
5737,3
162305,4
44672,1
146015,4
201296,4
41241,4
189764,4
55559,4
1032,4
27700,2
195813,3
179303,3
127052,4
69277,4
52113,4
115323,4
20807,4
198769,4
36443,3
204308,1
208666,4
133013,2
65904,4
35300,4
131888,4
169151,4
168690,3
165908,4
72407,4
210900,4
210012,4
133833,4
23246,4
208424,4
12621,4
5799,5
94446,3
63907,4
86493,4
81751,3
21445,4
45860,4
81235,4
23286,4
137915,3
40576,4
103766,4
162335,4
156026,3
134241,4
146495,3
70457,3
9659,3
211004,1
104141,4
145126,4
107888,4
24936,4
206228,4
185281,4
102688,4
145333,3
185064,4
174055,4
117994,4
10334,4
96096,4
145358,3
124442,3
54217,4
1802,4
94871,3
18420,5
58898,4
83844,4
138068,4
105127,4
135068,4
53680,4
180512,4
65918,3
83338,4
60550,1
49480,4
119962,3
31239,4
197337,4
72980,4
156958,4
211843,3
186084,4
143258,4
121274,4
69641,4
67846,4
150844,3
79113,2
145679,4
5324,4
15888,5
176701,5
190351,4
183543,2
13378,4
108867,4
4032,4
32013,4
176934,4
194182,4
209594,2
91002,4
41627,4
169928,4
156791,4
82633,3
23467,4
188351,4
122836,4
95421,4
67522,4
119986,3
190356,4
22377,4
110266,4
130281,3
118260,2
141532,4
51484,1
33278,4
168955,4
57708,4
188670,3
97940,3
186427,4
139840,4
28114,4
81805,3
193782,3
174568,3
44175,3
149197,4
82710,4
111254,4
151777,4
170174,2
78362,3
160652,3
177504,4
4891,4
201482,4
49134,1
208070,4
192023,4
127707,4
143340,2
66503,4
160812,3
126006,4
160550,4
209191,4
49295,4
133810,4
119423,4
121551,4
88317,5
123957,4
158603,4
155988,4
161198,3
41660,4
7654,3
34724,4
204421,4
180075,4
19670,4
39817,4
193430,4
89277,4
29112,4
151383,4
12482,5
131142,4
69805,4
148656,2
6117,4
71517,4
153053,4
115644,3
38124,4
176134,4
188646,5
192125,4
154815,4
129610,4
173324,4
107690,4
130227,4
111217,4
9360,5
89986,4
141647,4
28506,3
62203,4
100416,3
12723,4
137738,2
130327,4
120895,3
72769,4
90080,4
128605,4
115181,4
81540,3
17594,2
83628,4
146360,3
125704,4
47360,4
42720,3
74012,4
55376,4
98729,3
78058,4
29074,4
110546,4
21467,4
131621,3
153492,4
50718,3
68559,2
148448,4
86898,4
116549,4
20928,2
43946,3
160758,3
44513,4
16282,4
60778,2
9828,4
100115,4
6322,3
166841,4
200567,3
179380,4
126922,4
186002,4
162866,4
35002,3
190092,4
98073,4
45026,3
109320,4
89030,3
36998,3
171998,2
146172,3
106230,3
126848,4
46226,4
202981,4
161690,3
179985,3
51336,4
184865,3
177001,2
88630,4
89873,4
132387,4
20899,4
162391,4
65817,4
157762,3
124528,4
206854,4
54233,4
38370,3
69857,3
125930,4
92929,1
158639,2
86406,2
138476,4
186435,4
64209,4
126869,4
96029,4
167968,4
182822,2
28178,4
1801,4
16816,2
16563,4
176178,4
129395,3
89850,4
45019,3
98353,4
99051,2
188189,4
179280,2
211089,3
47161,4
115841,4
150860,2
129924,3
135619,3
196788,3
57926,1
52526,4
156221,4
79133,4
7360,1
115568,4
41289,3
140295,3
127180,4
111280,4
174635,4
40152,3
164731,4
195295,4
138867,3
27359,4
183281,4
82431,4
76038,4
65312,4
67767,4
210257,4
209223,3
143265,4
187357,4
41264,4
181153,4
144979,4
33873,4
58932,4
73010,4
157203,4
70120,4
100609,4
58015,4
69047,4
119935,3
200853,4
102251,3
54774,4
91059,4
181598,2
45448,3
163796,4
145150,4
12439,3
85958,4
180277,4
10422,4
95730,3
117263,3
4671,3
33869,3
143275,4
155952,4
60004,4
4688,2
197883,4
154193,4
75515,4
95574,2
14053,4
87882,2
46208,4
109385,4
24443,1
77973,3
170056,4
84352,4
83147,4
62127,4
141576,4
31047,3
69038,4
40838,4
24800,4
193887,4
169844,3
210659,3
130814,3
158119,2
127040,3
63042,3
141324,4
16507,4
90837,2
170164,4
73043,4
5047,4
27904,2
147137,4
122577,4
138943,4
55640,4
139263,3
160315,5
98784,3
71184,4
119759,4
55028,4
117856,4
172769,4
166225,4
164338,2
158446,4
194235,3
41735,4
28077,4
186919,4
66137,4
169210,3
42214,4
105707,2
87966,4
6639,5
27688,3
90271,1
66432,4
127164,4
85819,4
190114,2
124866,4
146837,3
69508,4
190067,5
69210,3
196540,4
55915,2
130718,4
89733,4
149147,3
139586,3
152623,4
133589,4
120422,3
17524,2
208393,4
37813,1
189701,4
24549,5
71840,5
50207,4
151672,4
200624,4
139120,3
145885,3
35908,4
200616,4
196345,3
165362,4
53066,4
110378,4
122107,3
160971,4
2709,4
119242,3
107788,3
90862,4
62084,4
29996,3
83601,4
107939,4
114243,4
62152,2
46065,3
146085,3
77041,4
107000,4
102103,4
92418,4
125137,2
29620,3
169428,4
53457,1
171982,4
49995,4
7801,4
62911,3
114268,1
20109,4
91143,4
144659,3
164123,4
64593,4
1483,3
8644,4
74059,4
211478,2
161578,4
59406,3
26238,4
149269,4
173576,4
129074,4
163846,4
6090,4
107296,4
119055,3
86213,3
10414,4
18574,3
31776,4
81561,4
56310,4
31235,3
182400,3
195386,3
124944,4
117226,4
87341,3
140310,3
192429,3
105261,4
53008,3
51680,4
170704,3
160397,3
54113,4
51251,4
155377,4
111063,4
32024,4
164000,3
4301,4
127805,4
19718,4
104456,4
93867,4
86289,4
156585,2
37968,4
26802,2
156826,4
194944,4
66339,2
170789,4
183794,4
518,4
139499,3
141392,3
95151,4
76148,4
137587,3
50180,3
200354,3
191437,3
89551,3
170496,4
163430,4
184210,4
100603,4
117670,4
132775,4
180475,5
126708,4
195665,3
121935,3
191289,3
12985,4
137230,3
78758,3
183175,4
74301,2
23269,4
9155,5
73562,4
112435,4
105742,4
118137,4
75236,4
170993,4
12283,1
4217,4
121902,3
7431,3
12053,4
198900,4
183164,5
72880,1
44094,4
72680,4
132708,4
37579,3
189693,4
55507,4
55406,2
172955,2
871,2
31221,4
201754,4
6098,3
83836,4
72615,3
108764,4
139888,4
103501,4
54623,4
179624,4
200663,4
37749,4
39383,4
95618,2
136503,4
44792,4
145229,4
116643,4
44359,4
13099,3
64231,3
121475,4
178897,4
203995,4
151009,2
36600,3
91508,4
1818,4
58691,4
47994,4
118039,4
138915,4
163872,2
133712,3
77577,4
66370,4
57787,2
128726,4
31295,4
127929,4
73194,4
148840,4
57957,4
165266,4
62193,4
201011,4
43166,2
5989,3
194642,3
136600,4
91553,4
121194,4
197152,4
126313,4
54863,4
20318,4
46535,4
85954,4
176953,4
18131,1
160537,3
93379,3
208012,4
109192,4
142361,3
35157,3
189465,5
39763,4
105900,4
176560,4
91373,4
22019,4
206293,3
91315,4
184172,4
21884,4
78235,4
85442,2
15962,5
208929,3
62899,4
54280,4
187098,4
120273,4
35511,4
72869,4
124800,4
121591,3
101182,4
24196,2
104102,4
131174,3
41044,3
197249,2
138976,4
128397,3
44287,3
163337,4
189256,4
8921,5
46723,2
206379,3
109998,4
96097,4
199152,3
141768,3
124640,4
168419,4
47518,4
180412,4
26586,4
154171,4
142246,4
52561,4
189930,5
42259,3
161617,4
52246,3
195202,4
34632,4
87830,4
104670,4
201322,3
181533,4
42071,4
153430,4
203647,4
735,4
2449,4
103123,4
96218,3
84585,4
116635,4
137688,4
15307,4
157943,4
24210,1
94196,3
149954,4
154250,4
107232,4
10063,4
208618,4
37124,3
211039,4
193715,4
185258,4
183939,4
168149,4
115276,4
75072,4
192615,2
106807,2
80719,4
111542,4
98791,3
142087,3
16463,5
135279,3
166630,4
103129,4
204931,4
146908,4
1027,2
125609,4
112083,4
38668,4
23896,4
93673,4
63859,3
46048,4
36508,3
30322,4
184247,4
178280,4
8863,4
66380,4
101535,4
151590,2
130657,4
38993,4
12113,4
53666,4
117106,4
174928,4
58066,4
47444,4
8748,1
159812,4
37492,2
30700,3
203174,4
