,Cell_Type_Control
77520,4
67365,4
8374,4
65799,4
53679,4
14690,3
371,4
42081,1
59252,4
52214,4
8700,5
84762,4
90792,3
28307,4
86040,4
16688,4
10396,4
54341,5
61238,4
87735,4
15438,3
42894,2
59357,4
87542,3
7621,4
76822,4
14215,4
89982,3
16713,4
56364,4
75043,5
64413,4
13961,4
35252,4
6671,3
24247,4
10397,4
87707,4
9264,4
86149,4
37268,3
55174,4
20056,4
39474,4
85574,4
34763,4
70613,4
35626,4
2379,2
18748,4
64958,4
1440,4
88413,4
92770,3
33273,4
43466,5
16,5
75761,4
20212,4
88542,4
16635,4
38435,3
37711,4
54321,3
16031,4
4187,4
17446,4
42673,4
28577,3
70658,4
76737,3
59202,4
46515,3
80171,4
23814,4
37908,4
87527,4
80429,4
29475,4
47132,4
45249,5
33756,2
32088,3
21913,4
61508,4
76242,4
63574,4
76699,4
42812,4
58869,4
58413,4
52108,4
37858,4
29047,3
23702,4
58731,3
77691,4
13567,3
11404,4
41678,4
18429,4
6601,3
81272,4
39136,2
76506,4
26966,4
64803,3
71238,4
93532,4
3696,4
2317,4
37796,4
82617,4
19128,4
19132,4
8790,3
80932,4
943,4
79049,3
16016,4
19161,4
29878,4
36843,4
28318,2
63050,3
19034,4
20215,4
16502,4
7411,4
9793,3
33678,4
80350,4
14064,4
48065,4
3646,1
31501,2
61778,4
69984,4
35080,4
440,3
35593,4
93820,4
78066,4
60690,4
11518,4
43952,4
47786,3
4965,4
63373,4
39006,4
5979,2
85244,3
54031,4
75113,2
55177,4
79516,5
70517,4
28924,3
35253,2
87524,4
67073,4
8252,4
1102,4
4220,4
62636,4
43699,4
27613,4
64460,4
46383,4
31769,2
86519,4
74847,4
64662,4
83458,4
877,4
51970,4
5177,4
14134,4
10110,4
61802,4
4068,4
5280,1
31758,3
90082,3
5537,4
24303,4
63380,4
82997,4
18034,2
57309,4
61162,4
2945,4
58050,4
23595,4
59933,4
82796,3
43825,4
41040,3
57727,4
42601,5
22981,4
34707,4
32485,4
86130,4
90238,4
89188,4
78771,4
56442,4
25682,3
34516,4
6731,4
62126,4
73472,4
85310,4
30856,4
18604,4
78227,4
40922,4
31741,4
11736,4
52532,4
82269,4
78531,4
46844,3
7299,4
13669,4
53087,4
43994,4
45640,4
21022,4
51078,4
53557,2
76552,4
86997,4
55088,4
13309,3
65581,4
83481,3
27870,4
36282,2
36283,3
28787,4
50973,4
83080,4
2271,4
40240,4
15720,4
56012,4
24032,4
40910,4
51863,4
55136,4
13857,4
32735,2
77723,3
26709,3
9541,4
41795,3
75212,4
24871,4
42493,4
45365,4
58855,4
14681,4
5894,4
88266,4
9720,4
23308,4
15717,1
91451,4
92933,4
69847,4
27591,1
62009,4
82724,4
31268,4
72233,4
54995,1
73903,4
49824,4
30488,1
42229,4
36652,4
61615,4
67760,4
8798,4
39276,4
86220,4
80798,4
7618,4
31244,4
2331,4
77066,4
3680,4
38044,4
63806,4
23875,4
76543,4
54587,4
11067,4
56099,4
24395,4
91754,4
33352,4
36980,2
4718,4
59960,4
47928,4
46618,3
18872,4
8935,4
40651,4
47636,4
13577,4
56311,4
94924,3
72428,4
47564,4
4424,4
7463,4
33183,4
15505,3
39269,2
18621,4
56673,4
43827,4
6410,4
35665,4
59296,4
14593,4
20929,4
7549,2
77252,4
40994,4
94012,4
28827,4
47059,4
57620,4
40873,4
12875,4
16316,4
17423,4
31485,4
36449,4
71720,4
22595,4
23970,4
44138,4
42276,4
18747,4
59023,4
20267,4
78808,4
33536,2
93349,4
36528,4
79619,4
63956,3
77575,4
5376,4
47001,3
26485,1
19198,4
6939,4
40554,4
21042,4
8797,4
86345,4
78839,2
91630,3
36171,3
44806,4
17851,4
13562,4
66165,4
36258,4
83712,4
78511,4
61463,4
55951,4
28405,3
71097,2
11546,3
89847,3
86819,4
92001,3
93061,4
48323,4
50504,4
7,4
91186,3
63421,4
40654,4
93075,4
91779,4
59608,4
30440,4
15401,4
68353,4
11301,4
50103,4
38146,4
9042,4
10926,4
66472,4
68136,4
79296,4
23765,4
63601,2
10166,4
28082,4
56420,4
72668,4
92641,4
55695,4
72575,4
37766,4
21483,4
81130,4
83640,3
16840,3
57317,4
8658,4
28910,4
93829,4
83484,4
42846,4
29251,4
59692,4
8488,4
92845,4
88978,4
87078,3
19820,4
74302,4
33507,2
40107,2
41444,4
39707,2
39045,2
22023,4
84641,1
61769,4
53622,4
69756,3
91985,3
22997,4
94388,4
33791,2
55599,4
43425,4
722,4
7205,4
24337,4
87253,3
2584,4
46386,3
35371,4
65540,3
66606,4
79559,4
59639,4
20007,4
46218,4
53624,4
44537,4
30165,4
1253,4
19898,4
59853,4
83660,4
17502,4
11530,4
67154,4
29227,3
4314,3
91741,4
58965,2
39569,4
44668,4
40304,4
89251,4
68374,4
54527,5
4042,3
45167,4
32300,4
89283,4
86387,4
58053,2
69789,4
288,4
48515,4
24451,4
83509,4
12004,4
94083,4
34362,4
21050,4
9515,4
42798,4
7833,3
22164,4
47320,4
42115,4
69286,4
49158,4
31874,3
20088,4
66307,4
82957,4
24415,4
11800,5
10853,4
38999,2
35285,4
42407,4
6359,4
87528,4
13566,4
39699,4
36348,2
47404,4
9864,4
18899,4
26924,3
91628,3
35611,4
61300,4
86921,4
58947,4
73865,4
72638,4
75555,4
66439,4
6000,3
39129,4
88152,4
5744,4
61019,4
87676,4
24780,4
85690,4
68348,4
74977,4
25314,4
20809,4
30794,4
48973,4
89491,3
18279,4
61199,4
60209,4
41548,4
77293,4
75403,4
39949,4
40131,4
25327,4
85110,3
59928,4
80059,2
47287,4
87453,3
80571,4
39439,4
41569,3
4975,4
91839,2
26181,4
9906,4
65706,4
57742,4
42383,4
8710,4
38539,4
64899,4
1106,1
84300,4
86551,3
8234,3
49209,4
90558,3
46596,3
51712,4
28368,1
59953,4
50418,4
16610,4
32352,4
19334,4
64144,4
6138,3
34977,3
92081,4
87145,3
60809,4
14763,3
60883,4
13483,4
43957,4
24671,2
43851,3
92576,4
93064,4
11326,3
70494,4
14573,4
74142,4
73759,4
44188,4
21007,4
70895,4
45004,4
16332,4
39689,4
17936,4
3966,3
66669,4
1782,4
82058,3
18876,4
86703,4
88329,2
30704,3
48871,4
48319,4
60540,4
29867,4
33720,4
60533,3
46740,4
1466,4
5424,4
68167,4
7710,4
82773,3
82937,4
4055,4
89670,3
48625,4
16921,3
31891,3
21675,4
11029,4
4054,4
26841,2
35516,4
34433,4
27620,4
11047,4
20425,4
18856,4
54764,4
90355,2
33793,4
52312,4
34860,2
13102,4
86792,3
65571,4
9717,4
49670,1
51903,4
1595,4
7018,5
5563,4
82168,3
26586,4
34118,4
36195,4
84960,4
70309,4
75433,2
11031,4
90940,2
286,4
86108,4
48452,4
42707,4
75140,4
3668,1
51408,4
59086,3
82911,3
80279,4
56286,4
56704,4
63991,4
84137,3
8259,3
55541,4
71766,4
51598,4
43846,3
55832,4
32446,5
32486,4
71369,4
30935,5
15681,4
23089,4
12222,4
23722,4
6865,4
6491,4
7593,4
12263,4
20741,4
10487,4
77943,4
31630,5
28256,4
60775,4
76083,4
56707,4
83102,5
6484,4
63588,4
28738,3
52053,4
27708,4
45880,4
25621,4
88193,1
705,4
44509,1
49782,4
32646,3
38530,4
36572,2
21302,4
20073,4
68539,2
16767,4
94089,4
75396,4
41707,3
32378,4
88123,3
20963,4
36624,4
65344,4
29417,4
87819,4
11297,3
887,3
15814,4
43153,4
89124,4
24467,4
6646,4
34738,2
53531,4
88781,4
85049,3
34163,2
82071,4
74456,4
56393,4
42701,4
18339,4
1233,4
83972,4
23564,4
34093,4
65826,4
16105,4
23666,4
51008,4
48186,4
24804,4
81282,4
65415,4
77343,3
19567,4
74474,3
65757,2
60754,4
10502,3
90396,2
21865,4
44185,4
90446,3
8971,3
5576,4
7064,4
2777,4
75207,5
20083,4
6223,3
84582,4
12654,4
44735,5
12682,3
60280,4
15005,4
82409,1
69469,4
93765,4
46410,4
8226,3
68238,4
27014,4
55346,3
69796,3
64427,4
62771,4
86247,4
66978,4
57184,4
27243,4
51199,4
2245,4
112,4
50020,4
70915,4
53215,4
83201,4
47863,4
1484,4
8781,4
58620,4
30384,4
31356,4
26669,1
62967,4
63544,4
33042,4
73228,3
59115,4
35537,2
34016,2
20592,4
64189,4
14600,4
18426,4
87969,4
36718,4
16463,4
45580,4
90359,3
83222,3
32217,4
859,4
17795,4
37561,3
19010,4
34111,3
66561,4
17254,4
94399,4
5803,4
511,4
59518,4
80964,2
21157,4
23628,4
90641,3
72371,4
52683,4
38272,3
53635,4
58477,3
76133,4
69122,4
48536,4
19383,4
50456,4
4244,4
76755,3
63096,4
32895,1
54748,2
36126,4
36402,4
58710,4
59866,4
42398,4
59438,3
15142,4
9597,4
68908,4
57043,4
40116,4
24448,4
37351,2
33457,2
2642,4
44869,4
47286,4
23083,4
84161,4
63292,4
47697,4
90478,4
37580,4
29595,4
27483,1
73963,4
37295,4
90992,3
39801,2
88064,4
72168,4
89403,4
3484,4
48464,4
55643,4
18220,4
41866,4
32005,4
14557,4
9321,4
11767,4
6080,4
29506,3
50223,4
34400,3
86028,3
8186,4
61539,4
33159,4
65845,4
42005,4
60463,4
59842,4
93104,4
15699,4
80832,4
78529,4
51825,4
37877,4
44085,4
63318,4
76034,3
78917,4
81032,4
64665,4
21744,4
37642,4
34388,4
39126,2
33176,4
20892,4
77062,4
62751,4
89227,3
53210,4
49935,2
27359,4
67671,3
8446,4
77106,2
33770,2
44800,4
45369,4
46935,3
67000,4
76703,4
87775,4
10626,4
77725,4
48404,4
37631,4
69523,4
28198,4
12911,4
9502,3
81014,4
94796,3
19925,4
47452,1
37572,4
32702,4
404,2
5796,3
88067,4
50476,4
16091,4
30047,4
56495,4
6260,3
52364,4
52973,4
27633,4
8478,4
54700,4
3265,3
82222,3
52778,4
85643,4
65499,4
8776,1
80261,4
62951,4
25726,4
37123,4
34379,4
36113,4
1249,4
72549,4
71977,4
86021,3
5122,4
10100,4
3377,4
67358,4
91869,3
24262,4
73106,4
55632,4
365,4
34766,4
37019,2
29275,4
7287,4
28598,2
53017,4
17057,4
4847,4
51732,4
43175,2
18415,4
40426,4
29569,4
13664,4
22368,4
28403,4
3849,4
95146,4
89722,2
85541,3
30195,4
1831,4
33082,3
92723,4
23580,4
43544,4
58860,3
73166,4
84695,4
58143,4
77769,4
31720,4
39781,4
35952,4
54638,4
34242,4
27068,4
84140,4
69771,4
68156,4
16887,4
7907,4
91239,3
64025,4
73948,4
51951,4
82159,4
81718,4
94272,4
75562,3
88810,4
12465,4
49809,4
87007,4
58804,4
32665,4
59899,4
17538,2
5924,4
18957,4
76768,4
90647,3
2932,4
83126,4
34123,2
8399,4
62763,4
29778,4
28957,4
38132,4
40373,3
7583,4
90896,3
88271,3
86414,4
52633,4
90580,4
43691,4
46880,4
29105,4
29662,4
7971,3
30442,3
30527,4
75006,4
8371,4
42435,4
65028,4
53313,4
50936,4
8361,4
11023,4
44104,4
87116,3
65288,4
66622,3
68966,4
22791,4
81303,3
43908,4
24875,2
16536,4
8922,4
14268,4
4171,4
66896,3
17760,2
20766,4
25560,4
57564,4
57545,4
19444,4
35578,4
73541,3
47554,5
90816,3
70172,4
16432,3
55511,4
70828,4
70458,4
68009,2
7309,4
56696,1
58387,4
53881,4
12872,1
8601,4
13900,4
37433,4
55232,2
234,4
63223,4
12770,4
50808,4
56529,4
77071,4
26861,4
36262,4
37981,4
37190,2
27656,4
43666,2
48077,4
32572,4
47480,4
5125,4
39703,4
45209,4
1936,4
38007,4
38578,4
17598,4
46632,4
48056,4
65385,4
89758,3
66548,4
27776,4
39016,2
64376,4
61944,4
26844,4
53235,4
38087,3
9485,4
80289,4
47845,4
78445,4
18485,4
46116,4
70597,3
26985,4
11783,4
23879,4
33923,4
11974,4
13899,4
43105,1
23762,4
33551,4
18558,2
35946,2
68508,4
92456,4
87648,4
82337,3
40687,4
90834,2
2284,4
42533,4
6126,4
74350,4
67657,4
43530,4
49401,4
1138,4
31334,4
85487,4
53505,4
7519,3
26253,3
9178,3
48030,4
18440,1
86895,4
29253,4
19603,4
85321,4
47361,4
83460,4
53289,4
86214,4
30548,4
78113,4
62466,4
45574,4
11875,4
44907,3
1309,1
38645,4
54415,4
87283,4
67565,2
91185,4
90731,1
20769,4
43488,4
28906,4
63681,4
36790,4
2884,4
44221,4
11705,3
14848,3
77109,4
10009,4
92939,4
27916,4
48855,4
24600,5
79518,4
92427,4
86787,3
14932,4
49733,1
56271,4
77442,4
5328,4
28346,3
39000,2
33643,4
40755,2
6313,4
81273,4
62680,4
23120,4
55428,1
66631,4
77172,4
34399,2
55607,4
53036,4
56972,4
83167,3
19620,4
14960,4
88014,4
71092,4
81613,3
30500,4
20002,4
73981,3
72699,4
42429,4
93356,4
11193,4
86629,4
91695,3
49628,4
88897,4
51615,4
10338,4
28182,3
16659,4
74514,4
93742,4
82938,4
54584,4
32583,4
23326,4
3597,4
17852,4
25851,4
12169,3
80689,2
92362,4
31098,4
61903,4
29786,4
7252,3
6474,4
23539,4
19113,4
17378,4
94901,4
47898,4
67973,4
81166,4
17174,1
29056,3
61123,4
72543,4
82544,4
5295,4
16148,3
57113,4
64496,4
55462,4
8477,4
75804,4
61488,4
7978,3
24904,4
39253,4
13593,4
91317,3
93041,4
87926,3
79411,4
31171,4
59904,4
26266,4
43302,4
48441,4
63676,3
34273,4
80840,4
20956,4
61384,4
19177,4
32304,1
73311,3
44400,2
4087,4
55597,4
71910,4
14275,4
19539,4
38704,4
59794,4
35225,2
45282,4
31357,4
59968,4
82545,4
68301,4
76024,4
71096,4
89224,4
47563,4
19474,4
78075,4
3552,4
1096,4
32563,4
42250,4
77249,4
2773,4
51241,4
42866,4
66023,4
3779,4
9160,4
34691,2
41931,2
44009,4
25298,4
71409,4
67614,4
25279,4
38285,4
9657,3
11759,4
41823,3
87016,3
61357,3
65026,4
17778,4
13785,4
5293,3
77474,4
92696,4
30512,2
71441,4
89608,3
53549,4
5506,4
29705,4
81295,4
84241,4
35566,4
58955,4
93591,4
89475,2
30685,3
86349,3
37507,4
46176,4
1515,4
46826,4
78176,4
87928,4
48627,4
46820,4
34801,2
56458,4
74815,4
30424,4
73399,2
4128,4
14096,4
26161,3
75229,4
62642,3
88236,3
37278,4
50275,4
46290,4
27263,4
65104,4
17995,4
8838,4
35844,4
8610,4
12116,4
72829,4
59728,4
51528,4
57543,4
42598,4
82310,3
12916,4
3756,4
57795,4
93317,4
40824,2
23414,4
80079,4
82681,3
83627,4
52682,4
95082,4
78951,4
79255,4
78842,5
64841,4
81887,4
16416,4
16284,4
7388,4
868,4
56655,4
41765,4
34856,4
38554,4
57480,4
44732,4
40552,4
19751,4
11926,4
91827,3
9270,4
19941,3
89264,4
10776,2
72473,4
17787,4
66406,4
81662,3
25686,4
57721,4
3555,4
36948,4
25600,4
1475,4
31938,4
51930,4
79428,4
11075,4
34241,2
1307,4
26282,1
48513,4
81186,3
18142,4
90015,3
89416,4
37417,4
4514,2
88376,4
70167,4
17743,4
49606,4
71461,4
72747,4
81050,4
12321,4
92526,4
53128,4
54559,4
63476,4
73457,2
31139,4
92783,4
42297,4
68989,4
49603,4
55868,4
76734,1
70881,4
50891,4
83992,3
2563,5
12520,4
13892,4
37811,4
35904,4
82898,4
57190,4
83181,4
27913,1
34878,4
28658,4
89531,3
64701,4
40991,4
65251,4
10653,4
529,4
57370,4
92654,4
35384,4
64935,4
58322,4
45484,4
82130,3
9989,4
41405,4
35832,4
21853,4
58743,3
66880,4
46516,4
48372,4
69739,4
33750,3
27825,3
22860,4
39272,4
71310,4
30995,4
24198,4
39112,4
91005,3
60686,3
84573,3
29584,4
81614,4
466,4
64486,2
34312,4
68743,4
90534,4
57730,4
27204,4
65386,4
73191,4
19739,4
8130,4
25700,3
29290,4
12877,4
79260,4
6008,4
56891,4
2014,4
8752,3
7614,4
43577,4
26298,3
40317,2
28715,3
63305,4
34285,2
18235,4
90761,3
31433,4
1120,4
28864,4
73182,4
4126,3
93430,4
51137,4
49406,4
94508,4
44339,4
43297,1
59769,4
57093,4
67378,4
2476,4
24427,4
41718,2
57070,4
13922,4
52032,1
22459,4
93665,4
19581,4
34284,4
25330,5
38772,4
73532,4
59247,4
36263,4
6621,3
50972,4
84965,4
63259,4
34851,4
55251,4
18311,4
74522,4
64132,4
62514,4
94946,3
43243,4
77222,4
58352,4
43039,5
13480,4
10855,4
87070,3
67420,4
17847,4
3693,4
21161,4
84909,4
95230,3
48875,4
68425,4
53833,4
24040,4
48466,4
22358,4
6801,3
76978,4
29057,4
21972,4
89389,1
80180,4
73265,4
58124,4
91201,5
37203,3
64456,4
35796,4
60115,4
23950,4
44210,4
66186,4
73840,4
45887,4
14668,4
28990,4
61982,4
88321,3
32836,4
12190,4
16393,4
22280,4
92707,4
62828,3
62357,4
8504,1
54991,4
37400,4
81941,4
38632,4
59468,4
44026,2
69848,4
77554,4
2632,4
93437,4
26205,4
55974,4
76887,4
93459,4
18448,4
61038,4
15180,3
51126,4
80502,4
75533,1
64357,4
34043,4
46755,4
91035,3
41546,4
82558,4
60261,4
69679,4
83547,2
47201,4
49337,4
40487,4
62834,4
47997,4
35714,4
12853,4
60611,4
71170,4
2104,4
32199,4
71473,3
41561,3
7851,4
73406,3
43419,1
52649,4
73421,2
33504,2
25118,4
84581,4
16329,4
67818,4
51041,4
2358,4
62899,4
68291,3
64448,4
85148,4
59205,4
16000,4
34612,4
30432,4
84435,4
27874,4
42628,4
45485,4
56266,4
36361,4
77325,4
52645,4
65309,4
1088,3
95165,3
12760,3
2793,3
92257,1
46234,4
10851,4
24912,4
47078,4
75230,5
78946,4
66009,4
91911,3
9740,3
86450,3
13066,4
90593,3
93253,4
30946,4
15560,4
84419,4
3452,4
87643,4
14267,4
28290,3
63514,4
1772,3
90519,4
54121,3
63821,4
51117,4
52965,4
48719,4
13775,4
22985,4
84386,3
45003,4
27683,4
37439,3
58992,4
8198,4
56785,4
42247,3
95008,3
13905,4
7024,4
92960,4
35601,4
86216,3
40212,4
46275,4
90559,4
48863,4
35549,4
74712,4
88153,3
72974,4
986,4
46376,4
56868,4
12562,3
55386,4
43662,4
6681,4
86947,3
32508,4
25612,3
39666,4
35937,4
81291,3
57392,4
45359,5
41211,4
31010,4
27259,4
33114,3
40091,2
70919,4
22384,4
6302,4
73860,3
14176,3
15773,4
86894,3
28540,4
30675,4
91462,4
45504,5
92952,4
50225,4
45879,1
64324,4
31434,4
36306,4
89356,1
23129,4
32030,4
32073,4
19318,4
74764,4
92781,4
85169,3
12291,4
61947,3
42886,4
14987,4
27689,4
94836,3
46061,1
21182,4
2093,4
58337,4
1021,4
66802,4
33166,1
79570,4
63793,4
34780,4
85799,4
83843,4
75150,4
63315,4
32743,4
51738,4
58637,3
55441,4
49117,4
31461,2
29188,4
42484,2
38980,1
4110,4
60961,4
6241,4
81434,3
61061,4
56857,4
6734,4
85183,4
59873,4
83043,3
85498,3
11474,3
84538,3
15918,3
78138,4
41762,3
76207,4
21820,4
19665,4
41698,4
54175,2
86323,4
64162,4
20071,4
46173,1
61699,4
45829,4
94284,4
80088,4
44383,4
6602,4
27113,4
78798,4
50943,4
56980,4
67376,4
54929,4
12028,2
18061,4
11082,4
93775,4
22359,4
3527,4
70427,4
13684,3
30740,4
21968,4
83247,4
64277,4
23631,3
41296,4
37317,4
24424,4
76550,4
31022,4
43414,4
95118,4
32234,4
94336,4
40737,4
28456,3
77629,3
767,4
76865,2
48347,4
42295,4
59638,4
37658,4
15277,4
3571,1
62376,4
74679,4
55097,4
69362,4
21837,4
80583,4
36367,4
57431,4
36517,4
12600,4
15493,4
25460,4
58778,3
89957,4
83508,4
58972,4
40284,2
7920,4
41743,4
92336,4
50956,4
80750,4
10902,4
58930,4
1588,4
55465,4
85852,3
30889,4
3797,4
33089,4
49528,3
22853,4
92953,4
52298,4
5574,4
5022,4
56298,4
43447,4
82444,3
49179,2
13794,4
71709,4
9845,4
95197,4
8824,4
4198,4
68150,4
58309,4
88225,3
47876,4
66493,4
82719,4
11283,3
50740,4
53184,4
32554,4
91958,3
3229,4
54942,4
3913,4
29879,4
53533,4
71924,4
93539,4
34397,2
10971,3
12547,4
38568,2
79095,1
35346,4
24513,4
83378,3
47225,3
76844,4
26471,4
13004,4
84450,3
8393,4
61531,4
80095,4
68912,4
92819,4
55185,1
39141,2
2364,4
10139,3
58330,4
58796,4
79731,4
74245,3
49298,4
53311,2
86062,4
14904,3
2171,3
73394,4
53560,4
24844,4
66230,4
74735,4
88348,4
93003,3
53987,4
61274,4
31638,4
93428,4
74348,4
18683,4
29807,3
61416,4
3618,4
5383,4
27801,1
53286,4
33015,5
58700,4
20307,4
59558,4
92392,4
18492,4
64488,4
35834,2
19633,4
92446,4
87564,1
55060,4
82467,4
51221,4
40680,4
75486,4
85081,3
43877,4
66637,4
93600,4
57222,4
19940,4
7357,2
59645,4
17405,4
2141,4
83758,3
36347,2
33773,4
33406,3
84138,4
59628,4
11490,4
47509,4
26852,2
16829,4
18402,4
48670,4
45701,1
87416,3
43226,4
72471,4
76985,4
93447,4
13916,4
63825,4
7817,4
68803,4
81582,4
59219,4
61702,4
28700,4
11204,1
79265,4
41688,4
57100,4
33621,4
14523,4
5777,4
89509,4
91897,3
4288,4
87382,4
77937,4
29118,4
50575,4
37717,4
13041,4
80703,2
28669,4
67147,4
53904,4
994,4
90492,4
92126,4
33928,2
19281,4
4737,4
12878,3
71792,4
32160,4
84851,3
63827,4
44365,4
27000,4
23955,4
77919,4
78818,4
46765,4
82944,4
24106,4
93052,4
74571,3
23625,4
42391,1
91385,4
84412,4
76088,4
4611,4
28638,4
17967,4
12006,4
52610,4
12019,4
32533,3
595,2
77177,4
17638,4
94959,4
28736,4
43317,4
28501,4
47465,2
61295,4
59329,4
47411,3
77746,4
83604,3
24822,2
26038,5
82018,4
15692,4
78763,1
87164,3
52804,4
19960,4
79460,4
7033,4
53038,4
87344,4
54183,4
90002,3
26412,3
4964,3
83530,3
14526,4
56493,4
24388,4
82873,2
18641,4
69077,4
27945,2
60400,4
11275,4
54105,4
31224,4
9253,4
47467,4
90673,3
77114,4
83359,4
10051,4
41812,4
26370,4
86664,4
28222,5
45547,4
67355,4
28497,3
66070,4
58633,4
38824,4
47779,4
71844,2
84799,4
13319,3
81213,4
60859,3
76921,4
10510,1
77615,4
62616,4
39996,2
94691,4
68414,4
15677,1
82103,3
5538,4
20050,4
13300,4
91662,3
12445,4
15669,4
92383,4
88889,4
38389,4
77709,4
38842,4
42642,3
75483,4
55497,4
14725,4
4585,4
41061,4
35181,4
8380,4
94867,4
53764,4
75321,4
77487,4
57821,4
16963,4
53664,4
4366,4
28888,4
44075,4
70903,1
73640,4
19173,4
60347,4
56098,4
90835,4
51073,4
11022,4
4264,3
7995,4
4133,4
85204,4
40921,4
87086,3
38509,4
831,4
48580,4
22201,4
19675,4
79374,4
78225,4
87362,4
63610,4
66397,4
81745,3
2357,4
68647,4
21891,4
68418,4
21615,4
37916,4
45296,5
88468,4
968,4
78624,4
25540,4
23673,4
21574,4
55297,4
61260,4
35260,4
62889,4
21914,4
29444,4
46815,4
23064,4
79844,4
56604,4
49684,4
59957,4
76871,4
26806,4
65663,4
19855,4
48190,4
89905,4
82242,3
79948,2
75753,4
69009,4
27827,5
76712,4
62055,3
62100,4
26036,4
45326,1
21240,4
40509,4
88228,4
73956,4
83538,3
46398,4
40599,4
12304,4
17966,4
4555,4
26645,5
58480,4
51326,2
81682,4
88292,4
38184,4
77285,2
54486,4
24677,4
88203,4
6211,4
90971,3
21757,4
64234,4
25092,3
88231,3
79527,4
57450,4
66151,4
63525,4
88386,4
5023,4
65618,4
33933,4
63784,2
7973,4
50570,4
67879,4
47896,4
46861,5
33771,4
66587,4
52167,4
61325,4
65258,4
28949,4
59603,4
58829,4
31632,4
51283,4
71250,4
41993,4
1683,4
90768,4
59606,3
12434,4
34203,2
33762,4
88703,4
63472,4
26990,3
22438,4
27023,4
31064,4
55665,4
42819,4
85594,4
63457,3
19224,4
57457,4
46985,3
86862,3
85707,4
75877,5
90530,3
44931,4
34498,4
15386,5
18094,4
89412,2
50218,4
44616,4
36610,4
66197,4
82101,3
35123,4
53464,4
38857,4
35381,4
25511,4
55201,4
71623,4
65602,4
2974,4
32330,1
78136,1
29319,4
82136,3
65314,4
57269,4
69067,4
38003,4
62895,4
12186,4
54382,4
3098,2
21935,4
32041,4
80691,4
76239,1
27011,3
22126,4
13493,4
75267,4
62880,4
78304,4
92148,4
55456,4
12271,4
83752,4
91362,3
66691,4
31820,4
57552,4
74399,4
311,4
6993,4
6327,4
11872,2
8237,4
2902,4
85469,4
59434,4
44578,3
58392,2
60622,4
55005,3
84791,4
42663,4
74930,4
85355,4
66043,4
43460,4
46961,4
41619,4
4763,3
73727,3
60732,4
93778,4
392,4
10026,4
5567,4
77580,4
47150,4
80936,4
51720,4
25022,4
76551,4
40183,4
30414,4
53579,4
60013,3
75020,3
42208,4
50902,4
70385,4
86419,1
55696,4
23070,4
57569,4
5051,4
64931,4
24650,4
79300,4
59095,2
28765,4
21150,4
44982,4
72598,3
16109,4
30362,1
87633,4
59632,4
49309,4
25274,3
4091,4
91002,4
36422,4
29111,4
8585,4
31188,4
83967,3
2185,4
83559,3
51217,4
26315,4
5861,4
31475,4
86614,3
3749,4
46169,2
939,4
1578,4
60294,3
22629,4
26731,4
12631,4
55020,4
5044,4
95259,4
81400,3
86982,3
26305,4
51088,4
84402,4
6371,3
64116,4
4966,4
56263,4
21945,4
23514,4
22439,4
34618,4
48564,4
56125,4
75243,3
48750,4
7650,3
19995,4
45157,4
52448,4
94228,4
52989,4
84458,3
94160,4
16929,4
88877,4
18816,4
74830,4
56013,4
22445,4
58693,3
8109,4
389,4
51081,4
47595,4
15844,4
32150,4
36597,4
82518,4
78533,4
18458,4
18911,4
79714,4
74482,4
48324,4
10809,2
36000,4
37008,4
53199,1
54796,4
73362,4
82574,4
94897,3
44163,4
8164,4
24164,4
82215,3
66116,4
93899,4
13631,4
91144,1
63376,4
81579,3
52590,4
12840,4
73674,4
13688,4
27081,4
35147,2
37847,4
75111,3
48648,4
64007,4
46505,4
83450,3
74200,4
23603,4
82763,3
84800,3
88378,4
3617,4
57776,4
62421,4
18007,4
35790,2
80713,4
17672,4
82987,3
42477,4
27901,4
45562,4
49690,4
48457,4
84899,4
35641,4
70389,3
2180,4
38095,2
37281,3
81257,4
68785,4
24571,4
58636,4
49263,4
67372,4
77547,4
52044,4
38077,4
59028,4
68530,4
37054,4
70605,4
52220,4
41330,4
88995,5
89587,4
90350,3
78174,4
54272,4
74259,1
85407,4
85672,4
94492,3
4599,4
16819,4
39073,2
50645,2
81231,3
63122,4
88364,3
25898,4
47136,4
71372,4
88260,3
68079,4
93952,2
21761,4
16682,4
18932,4
23927,4
18454,4
47380,3
46008,4
922,4
23026,4
35489,4
55710,4
36817,2
7796,4
85920,3
61583,4
27614,4
1892,4
36626,4
93696,4
44366,4
94638,3
39335,2
92779,4
34100,4
41729,4
38626,4
15698,3
16370,4
68146,4
67019,4
71038,4
51314,3
61050,4
75246,4
81857,4
41352,4
12384,4
60558,4
4080,4
89375,4
43713,4
59839,4
74791,4
75274,1
81381,4
9000,4
73319,2
93713,4
10647,4
74649,4
11354,3
43443,1
58318,4
77544,4
87444,4
88314,4
42191,4
38693,3
26401,4
4582,5
41009,4
48,4
67904,4
82935,4
22560,4
30192,4
64715,4
61536,4
86196,4
79934,4
13164,3
71516,3
50537,4
57614,4
71660,4
15094,4
47023,4
72228,4
48308,4
89943,3
73639,4
19389,4
24447,4
42813,2
46749,4
49726,4
65148,4
87621,4
51491,2
34189,4
31856,4
27820,4
10986,4
90176,3
50432,4
81630,4
38580,4
7104,3
63365,4
9774,5
44244,4
36176,4
46431,4
32749,4
36189,4
82055,4
59741,4
48028,4
20013,4
90621,3
696,4
51289,4
50284,4
29550,4
69932,4
10445,1
89193,4
88431,4
30398,4
31831,4
24984,3
26851,4
58639,4
15151,4
9797,4
39931,4
80369,4
42994,4
60407,4
17517,4
40068,2
56648,4
53388,4
50345,3
645,4
82560,3
34151,4
80462,4
1410,3
64726,4
66747,4
92204,4
19491,4
1019,4
76010,4
92058,4
86146,4
11858,4
85114,4
65413,4
54895,4
20147,4
40137,2
66625,4
69336,4
51143,4
10251,3
23202,4
29071,2
31191,4
53318,4
52370,4
72059,3
9959,4
77384,4
68499,4
18524,4
74270,4
81787,4
45937,4
2419,4
53556,4
8689,4
19059,4
35845,4
24066,4
24085,4
91555,3
57923,4
6925,4
11959,4
30419,4
17855,4
10980,4
59074,4
87879,4
93426,4
70345,3
26847,4
8272,4
39667,4
53057,4
20262,4
3910,4
34592,4
21963,4
17311,4
11418,3
58366,3
85962,4
25212,4
50212,4
13461,3
50815,4
18469,4
12557,3
91112,4
56033,4
43362,4
82958,4
28981,1
14927,4
82186,4
945,3
72213,4
63602,4
27291,4
49714,4
48231,4
87384,4
40837,4
43604,4
8921,2
21634,4
23493,4
57149,4
27997,4
44159,4
86157,4
46616,4
83707,2
92062,2
86729,3
1453,4
14822,4
30108,3
33163,3
34966,3
21147,4
35887,2
70718,4
37050,2
8940,1
41649,4
12031,4
39266,4
77295,4
6208,4
66396,4
3657,3
46463,4
92359,3
9180,4
66146,4
792,4
94856,4
44275,3
12691,3
7520,2
86745,4
42036,4
18797,4
4888,4
22721,4
61069,4
61232,4
13835,4
41304,4
45988,4
72631,4
47422,4
91574,3
85910,3
33598,3
74999,4
847,4
355,4
77748,4
63604,4
4140,4
82204,3
82688,3
54716,4
4876,4
85602,4
20703,4
45975,4
65055,4
79397,4
13528,4
17323,4
35920,4
94532,4
38316,4
2528,4
44280,1
39174,4
69553,4
7509,4
22319,4
33437,4
584,4
3754,4
66789,4
58193,4
29171,4
85947,4
35528,2
65882,4
16244,4
2863,4
28887,3
67883,4
55483,4
15506,4
38746,4
52003,2
82033,3
45256,4
94137,4
29519,4
88113,2
49032,4
55637,5
51120,4
10256,4
93584,4
33132,4
43870,4
19587,4
40790,4
30401,4
37511,3
7447,4
61842,3
81919,4
10489,4
92511,4
42625,4
32770,4
77187,1
31274,1
31964,2
70460,4
1845,4
52358,4
862,4
90455,4
64922,4
53740,4
10880,4
82818,4
82737,3
81448,4
82555,3
49540,4
40303,4
21016,4
22166,4
33342,4
76000,4
42425,5
16352,4
36162,4
34096,4
55556,5
31265,4
37840,4
59687,4
63443,4
45944,4
66248,4
34677,3
84793,3
81396,4
17997,4
9083,3
29919,4
71980,4
39281,3
29007,3
14331,4
9975,4
90087,4
30619,3
31832,4
1052,4
10657,4
19015,4
84043,3
74391,4
89036,4
77644,4
11359,4
52906,4
544,4
64635,4
15943,4
73481,4
60146,4
26247,4
27152,4
50848,4
69379,4
94555,4
49226,5
93354,4
12322,4
41838,4
73821,4
25444,4
47326,4
81955,4
37936,4
75355,4
22028,4
56966,4
64260,4
14457,4
26884,3
15027,4
50104,4
21964,4
79780,4
55411,1
45315,4
1582,4
42721,4
31471,4
2394,4
26913,4
47632,4
9260,2
66575,4
29317,4
83573,4
48853,4
59311,4
34947,3
85698,4
56431,1
45299,4
69767,3
57023,4
49960,4
76220,4
55553,4
9715,3
12995,4
7409,4
4891,3
80849,4
52955,4
85174,4
26893,4
56490,4
9438,2
41209,4
43322,4
85236,4
94685,3
67095,4
84460,4
37078,4
46958,3
43863,4
41811,4
24098,4
84975,3
30683,4
64519,4
19482,4
85135,4
36024,4
67252,4
51828,4
71459,4
54833,4
73889,4
67075,4
77822,4
56145,4
34290,4
27964,3
13354,4
45397,4
92773,4
84367,4
74901,4
68848,4
23367,4
65363,4
55167,4
60866,4
2445,4
87967,4
47277,4
40025,3
81786,3
71607,4
53727,4
19762,4
46745,4
60224,4
55512,1
18256,4
83628,4
9978,4
85123,3
25632,3
35449,4
44192,1
56755,4
83007,4
77668,4
66749,4
65162,4
82023,4
74066,4
89043,4
36773,4
742,4
23985,4
24436,4
51622,4
1634,4
55092,2
37163,2
48725,2
50755,4
8871,3
21892,4
57207,4
22089,4
23952,4
8768,4
24542,3
65289,4
23557,3
58069,3
56684,4
63216,4
22117,4
28000,4
65679,4
56464,4
63438,4
93906,4
94259,4
64085,4
39882,3
40617,4
84950,4
19090,4
82613,3
74528,3
2332,4
47710,4
70672,4
1336,2
33965,4
3831,4
12544,3
83608,4
77545,2
19386,4
23530,4
89274,4
23272,4
43600,5
88675,2
11968,4
34660,4
42900,4
44573,4
70412,4
56278,4
59614,4
78627,4
94486,4
52308,4
67609,4
21202,4
59057,4
85053,3
19399,4
69623,4
4893,4
47229,4
75959,4
33117,4
60629,4
16040,4
31134,4
92739,4
12648,4
85534,4
8598,4
86539,4
72382,4
63301,4
23714,4
44152,2
390,4
38369,4
18914,4
44037,4
49839,4
44829,4
69323,4
51087,4
58927,3
49973,4
64699,4
11639,3
75044,4
21897,4
3873,3
16064,4
52212,4
90705,3
55792,4
11869,4
58115,2
27873,4
12543,3
94546,4
11431,4
70503,4
48701,4
70552,3
87044,4
49362,3
37989,4
90127,3
76701,4
31152,4
68041,3
10900,4
50642,1
4464,4
89894,3
66661,4
37626,4
57527,4
26204,4
23610,4
35747,4
31855,4
21833,4
30277,3
57362,4
74932,4
45068,4
93675,4
6386,3
45183,4
21402,4
15437,4
26334,4
31903,4
85592,4
35480,4
76585,4
79647,4
30691,4
77483,4
87787,4
89391,4
16617,4
66083,4
32868,4
87921,4
61940,3
3870,4
7799,4
22307,4
62062,4
19516,5
4489,4
70296,4
40102,2
27899,4
47912,4
90400,4
49683,4
42500,4
93948,4
72842,4
90950,4
37696,4
91816,3
40664,4
74542,3
20181,4
77362,4
19931,4
21392,4
28392,3
7871,4
71246,4
27884,3
40775,2
88370,1
39053,4
20485,4
50100,4
87531,4
42654,4
17250,4
85436,4
63010,4
2264,4
53269,4
36148,4
41733,2
77815,4
28556,4
66946,4
78649,4
3407,3
21439,4
87356,4
64512,4
72979,4
55003,4
18401,4
49138,4
45538,4
54379,4
50359,4
29305,4
56557,4
3889,4
14123,4
62749,4
73079,4
26095,4
38490,4
86279,3
370,4
54754,2
14743,5
94582,4
35476,4
8288,4
30009,2
10703,4
93475,4
55735,4
83850,4
22739,4
54853,4
12834,4
22600,4
406,4
47247,4
5194,4
92516,4
72007,4
57520,4
4567,4
74896,2
15319,4
91607,3
84192,4
76044,4
77245,4
8670,4
79951,4
326,4
76021,3
81037,4
93477,4
26228,1
92804,2
23837,4
48835,3
79086,4
22190,4
38028,2
63440,4
68867,4
16698,4
52866,4
33444,4
20779,4
7321,4
48052,4
45744,4
91589,3
92236,4
53043,4
69858,4
56783,4
5907,5
79167,4
12784,4
79881,2
65952,4
61254,4
65269,4
53237,3
38812,2
71830,4
7005,4
51321,3
50341,3
28419,3
29415,4
88215,4
21603,4
10909,4
50918,3
5356,4
32941,4
44065,4
35831,4
52535,4
35037,2
42471,4
52881,4
53064,4
94365,4
54465,4
51987,4
48589,4
92335,4
21361,4
13296,4
22480,4
16588,4
31204,1
59399,4
1020,4
48471,4
52321,4
93889,4
37887,4
62858,4
30327,4
47573,4
85557,4
64872,4
89220,2
3294,4
10067,3
10488,4
84358,4
37418,4
57590,4
90314,4
37876,4
62391,4
37893,4
94891,3
74467,4
86589,4
14979,4
51584,4
24359,3
46532,4
45253,4
88533,4
45233,4
6061,4
29248,3
73962,3
8224,4
76187,4
1031,4
14990,4
1788,4
80490,4
23672,4
90691,3
4868,4
39817,4
28748,3
46741,4
17244,2
79299,4
89152,2
31774,3
45891,5
85386,4
3721,4
93108,4
12842,4
4151,4
19552,4
64402,4
35567,2
35674,3
15635,3
42687,5
44139,4
53263,4
73678,4
14322,3
38303,4
83085,3
84585,4
55291,4
50426,4
76379,4
953,4
61698,4
50209,4
28665,1
79148,4
91154,4
64424,3
49803,4
72093,4
54547,4
26047,4
45664,2
23314,4
18232,4
48021,4
14936,4
53660,4
60257,4
18383,4
44667,4
87404,4
32223,4
52564,4
45392,4
19387,4
40090,4
58415,2
43193,4
26426,4
92909,4
56392,4
14239,4
51265,4
24989,3
92533,4
33849,4
43586,4
44528,5
43158,3
71280,4
50652,2
3468,4
64048,4
77058,4
64568,4
86398,3
17476,4
33357,4
89657,3
23215,4
87127,4
65941,4
83934,3
50441,4
44760,4
44418,4
41007,4
61703,4
115,2
19796,4
52169,4
62091,4
56076,4
45817,4
9331,4
32042,4
71406,4
50737,4
29722,2
24517,4
85556,4
56185,4
58763,4
3952,3
30389,4
87595,3
5350,4
2831,4
32794,4
60735,4
81932,4
78114,4
19777,1
85928,4
48338,4
38312,4
34408,2
59813,5
17719,4
69653,2
55940,4
9464,4
83078,4
33529,4
72417,4
59078,4
46647,3
71853,4
2507,4
27712,4
38222,2
93288,4
40854,2
27253,4
11556,4
64445,4
53019,4
30563,4
772,3
43117,2
61141,4
5604,4
36127,2
42353,4
85929,3
89045,1
45165,4
13598,4
94114,4
86485,3
12436,4
57748,4
7570,4
41744,4
56204,4
48075,1
43807,4
67336,4
29656,4
55965,4
7123,3
40497,4
24696,1
73303,4
21252,4
95154,3
75935,4
2291,4
25775,1
48885,4
93496,4
92144,4
62324,4
58960,4
34655,4
54230,4
72357,4
79660,4
53670,4
49980,4
77210,3
83738,4
28574,2
75868,4
57881,4
68800,4
32204,4
70090,4
12581,4
60896,4
15183,4
24913,4
41443,2
62142,4
50823,4
64016,3
6147,4
16160,4
3852,4
61122,4
38723,4
15829,4
24623,4
6269,4
16543,1
82754,3
63227,4
45608,4
34959,3
58192,4
73366,3
19625,4
22476,4
16010,4
93909,4
36915,4
89028,4
81766,4
36524,4
19500,4
12903,4
54555,4
94489,3
6225,1
71833,4
60424,4
64962,4
66005,4
57588,4
2070,4
49128,4
517,3
66156,4
57239,4
80999,4
58031,4
62239,4
47701,4
88726,2
28839,4
34363,4
75978,4
16847,3
93156,1
50246,4
55555,3
25795,4
15806,5
26954,4
40578,4
56735,4
46245,2
78930,4
58741,4
16753,4
61119,4
47293,4
23935,4
47321,4
84936,3
59093,4
52351,3
51591,4
66588,4
47812,4
37898,2
3192,4
47021,3
23393,4
53281,4
4894,3
29249,3
90817,4
82592,2
78198,4
72802,4
2634,4
40171,4
88296,4
57503,4
54,4
10421,4
91714,3
12413,4
94493,4
20682,4
74296,4
83746,4
66572,4
48215,4
7753,4
38523,4
38127,2
84044,4
29052,4
39790,4
51527,4
21700,4
61226,4
26729,3
46311,4
83668,3
15579,1
80738,2
36018,4
10523,3
16404,4
10391,4
48591,4
12033,3
94413,3
19017,4
81784,4
80811,4
67061,4
61747,4
41809,4
4956,4
33309,5
59154,4
67816,4
73523,4
76197,4
9437,4
38603,3
41412,3
94320,4
74993,1
28634,3
57476,4
84019,2
5600,4
89355,2
29628,3
20613,4
83859,4
30026,4
4095,4
11558,4
928,4
89374,4
26018,4
2578,4
9855,4
56343,4
49430,4
80119,4
84561,4
91028,4
74136,4
50037,4
78691,4
86273,4
82173,3
73424,2
68369,4
70603,4
41592,4
40773,4
51853,4
52871,4
50134,1
23170,4
79813,4
7813,3
36957,4
46249,4
15147,4
8075,4
16333,3
11001,4
29839,2
62252,4
31955,4
7497,3
56794,4
63209,4
81161,4
10163,1
32721,4
13353,3
80516,4
57589,4
31404,4
62320,2
38265,4
57283,4
90562,1
72435,4
35780,4
80322,4
15021,3
7132,4
33464,4
88594,1
74904,4
9052,4
15620,4
79281,4
49611,4
78205,2
32943,4
21171,4
93405,4
7688,4
52137,4
79363,4
53709,4
8498,4
29301,4
5700,4
21180,4
10406,3
38236,4
53419,4
66041,4
80151,4
25544,4
59757,4
193,4
43496,2
1684,4
70500,4
95014,4
1433,4
55113,2
77855,4
77788,4
68656,4
34678,4
88569,4
74061,4
35140,4
23792,4
55340,4
64194,4
6630,4
15588,3
79196,2
86189,4
8704,4
12670,4
18421,4
58411,4
93046,4
91037,3
70124,4
20565,4
42218,4
10248,4
77335,2
74779,3
12637,3
80603,4
34620,4
28552,4
2058,4
74505,4
72155,4
86788,3
41446,4
41484,4
1720,4
4940,4
90988,3
81657,4
34769,4
82369,3
50382,4
89190,4
17373,4
94189,4
14296,4
75949,4
10151,4
86641,4
74475,4
93879,4
88704,4
49743,4
1553,4
72478,4
34182,2
57889,2
30664,3
11539,4
51097,4
91583,4
33779,3
52016,4
71719,4
6431,4
74633,4
7121,4
79906,2
91924,3
43892,1
91081,3
15593,3
13119,4
76065,4
78089,4
36128,4
51780,4
64871,3
54935,4
36237,4
44687,2
67722,3
73775,4
61285,4
90290,3
90010,4
34391,4
62448,4
37723,2
82314,4
43139,1
91682,3
64878,4
22120,4
92445,4
5046,4
76477,3
65319,4
35116,4
91980,3
34338,4
30000,4
20031,4
77278,3
20506,4
95042,3
39222,4
46825,4
84202,3
48291,4
26765,3
8807,4
76453,4
94410,4
1698,4
50229,4
49799,1
82175,3
85601,3
88968,2
61252,4
23512,4
55731,4
5184,4
94813,4
79614,4
18068,4
41069,4
76315,4
82529,4
86427,4
52578,4
27195,4
17742,4
45292,3
57914,3
90145,3
33802,4
82448,4
31150,4
70901,4
77858,4
62592,4
73130,2
40087,4
85403,3
70687,4
65353,4
42527,4
45952,4
38899,4
11262,4
86264,4
81881,4
92230,4
29,4
16103,4
65399,4
72139,4
78151,1
12905,4
19453,4
70294,4
16707,4
2574,4
55980,4
46768,4
48549,4
37971,4
18434,4
77908,4
91183,3
85858,4
46091,2
60821,4
48111,4
40762,2
28388,2
76964,4
4121,3
90437,4
12636,3
64444,4
70019,4
85170,3
63469,4
69853,4
37590,4
74154,3
7505,4
64748,4
38750,2
40310,4
50105,4
85395,4
2815,4
86999,4
90639,4
41631,4
53520,4
44010,4
13437,4
91953,3
29664,4
10079,3
89859,4
52799,5
39182,4
19116,4
34383,2
59698,4
39137,4
45492,4
26213,4
82477,4
14855,4
56083,4
39570,2
9585,4
91899,3
36871,3
58258,4
26449,4
34884,4
3242,4
60383,4
75598,4
12951,4
33367,4
6226,4
46598,4
9795,5
33778,4
27816,4
23542,4
87107,4
8215,4
32935,4
27551,3
2736,4
14574,4
33029,4
54053,4
14770,4
81176,4
28049,4
75765,4
247,3
58854,4
92098,4
15541,4
59299,2
73172,4
88023,4
31332,4
29446,4
79989,4
64438,4
84774,3
29745,3
36995,3
92507,4
28629,4
64595,4
18603,4
92708,4
67578,4
19926,4
70255,4
1251,4
12316,3
57663,4
64793,4
53224,4
42632,4
38902,4
11842,4
44151,4
60548,4
84291,4
52810,4
65772,4
78751,5
13573,1
62710,4
67638,4
43208,5
84199,4
63846,4
82119,3
39019,4
21520,4
7579,4
33937,4
70115,4
12737,3
6416,4
85982,3
9559,3
42737,4
74933,4
20743,4
43080,4
58122,4
42142,4
83605,4
12179,4
6179,3
45001,4
25116,3
94917,3
79425,4
25478,3
63484,4
62874,4
21917,4
38169,4
46226,4
13706,4
31354,4
65088,3
45125,3
62935,4
61234,4
6127,4
32706,4
1753,4
65306,4
2157,4
34998,4
17644,4
5186,4
65355,4
46542,4
46983,4
67236,4
20755,4
11351,4
16344,4
35921,4
86795,4
50535,4
22542,4
57414,4
2805,4
53757,4
41064,4
18166,4
63994,4
91830,3
10655,3
62795,4
6686,4
58834,5
38275,4
62134,4
32769,4
45208,4
21386,4
29909,4
33519,2
55221,4
32595,3
19711,4
19951,4
68766,4
91814,3
19353,4
52155,4
50998,4
46477,3
56848,4
70526,4
73583,4
15345,3
12081,4
27029,2
69588,4
68154,4
139,4
66616,4
23110,4
49452,4
74538,4
43271,4
5158,4
23098,4
48263,4
60727,3
42499,3
9768,4
44105,2
91875,4
77519,4
38215,4
85683,4
44787,4
85791,3
7801,4
40524,4
47724,4
47204,3
25884,4
28942,4
55634,5
30168,4
75123,4
21168,4
82469,4
74019,4
1004,4
1231,3
6331,4
49450,4
83739,3
74921,1
5054,4
42978,3
3673,4
46573,4
91932,3
61330,4
3059,4
90419,4
40789,4
90750,3
59227,4
33234,4
8936,4
79638,1
34836,4
31715,4
66325,4
87121,4
95025,4
58861,2
46379,4
72791,4
29204,4
44330,4
23755,4
22839,4
11784,4
44697,4
74628,4
52400,4
6297,5
19254,4
28673,4
50012,3
27889,4
70836,4
28492,4
89001,4
25696,3
14494,4
31044,4
53565,4
77860,4
57284,4
42928,4
37968,4
23555,4
25987,3
9211,4
1574,4
29434,4
91199,3
8793,4
39001,4
31668,4
22811,4
3403,4
64315,4
77561,4
26168,3
40435,4
24603,4
43476,4
32233,2
22659,4
89604,3
45339,2
3558,4
52461,4
31168,4
59592,2
91291,4
86761,3
60640,4
61780,4
36643,4
59370,4
65701,4
38912,4
53563,4
2930,4
20099,4
47106,4
75612,4
64314,4
15584,3
83015,4
45867,4
46949,4
46456,5
49970,4
38413,4
67558,4
32546,3
58089,3
89662,4
81993,3
22528,4
65176,4
50512,4
26358,3
29815,4
51223,4
73688,4
81856,4
37399,4
23220,4
9312,1
26140,4
29755,3
52331,4
43113,4
12743,4
32649,4
43398,2
75597,4
44102,4
53066,4
70445,4
89954,4
15320,4
79994,4
56335,3
22887,4
31634,4
8834,4
51028,4
86876,4
76645,4
27300,4
40920,2
44423,4
54501,4
68490,4
43008,2
90872,4
3488,4
91411,4
20665,4
61941,4
73951,5
66225,4
20605,4
85065,4
29029,4
79587,4
30556,3
58250,4
14433,4
68764,4
60070,4
72325,4
58962,4
56077,4
13811,4
3395,4
1126,4
56932,4
70570,4
88740,4
51508,4
88940,4
7551,3
51148,4
37524,4
59332,4
55495,4
70287,4
36505,4
38292,4
34555,4
12870,4
26359,4
53799,4
5544,4
26951,3
38235,4
77421,3
81703,3
87666,4
15352,3
58408,4
52450,4
21169,4
76205,4
29989,4
46291,4
94090,4
26085,4
62580,4
32800,4
68069,4
26964,3
35540,4
55491,1
4349,4
69026,4
26785,4
31165,4
40966,2
41297,4
58941,4
60740,4
13847,4
2587,4
81341,4
57059,4
79264,3
17134,4
25224,4
6694,3
85719,4
89488,3
60828,4
52132,4
23809,4
50190,4
84570,3
92887,4
62008,4
49269,4
81407,3
8909,1
60560,4
36664,2
12415,4
19708,4
92268,4
75930,1
91948,3
21424,4
33134,2
20571,4
57474,4
12843,4
7110,4
67418,4
90020,3
29398,4
49582,4
26897,4
28472,3
27373,3
43659,4
82494,3
88676,4
81239,4
65030,4
26327,4
15751,4
40071,2
48172,2
62475,4
2967,4
83546,4
17834,4
9726,4
35693,4
35251,2
9347,4
29563,4
75947,4
33627,1
50180,4
3637,4
57716,4
25155,4
84457,3
78557,1
46162,4
29978,4
92419,4
89978,4
14092,4
46984,4
17321,4
86055,4
73071,4
30792,4
42094,2
9400,3
50530,4
69647,3
25629,4
35390,4
14083,4
94614,4
8428,4
94920,3
16531,4
73392,4
86011,3
57203,4
34249,4
20001,4
56692,4
27574,3
27631,3
30268,3
10078,4
44252,2
64808,4
64795,4
8321,4
32610,4
87005,3
37136,4
46738,4
79513,4
21527,4
11398,4
30641,2
8639,2
77411,4
14839,4
80969,4
75375,4
30482,4
86358,4
12251,4
67301,4
32317,4
29532,4
77412,4
47585,4
10512,3
6192,4
18011,2
84339,4
22144,4
58483,4
17592,4
24155,4
52932,4
33690,2
20544,4
65419,4
75879,4
39588,4
35455,2
51156,4
19139,4
70235,4
45335,4
30801,4
72760,4
47148,4
42906,2
21790,4
23891,4
87025,3
3425,4
16954,4
59471,4
40706,2
17070,4
16143,4
87915,4
21500,4
7794,3
87491,3
26342,4
63104,4
35778,2
95089,4
86383,3
59857,4
119,4
30278,4
40233,3
73352,3
26623,4
14476,4
1798,4
3349,4
31468,3
22958,4
13994,4
76904,2
91725,4
31425,4
1573,4
22042,4
20335,4
714,4
56220,4
76422,4
5748,3
5422,3
90528,4
52208,4
59376,4
42464,4
61233,4
71928,4
10661,4
16521,4
53395,4
36719,1
27809,4
57016,4
60259,4
68598,4
72188,4
11593,4
59397,4
91750,4
41220,4
30233,4
32043,4
50797,4
38133,4
69873,4
35222,2
41930,2
86475,4
36859,4
92278,1
83050,3
9802,4
50052,2
5445,4
25587,3
71390,4
8755,4
48330,4
78765,4
10344,4
21464,4
1570,4
78815,4
20582,4
61445,4
47313,4
26829,3
89711,4
95241,3
22617,4
67479,4
12678,4
35631,4
5124,1
18462,4
30699,4
72913,4
87241,4
63168,4
90973,4
27926,3
71730,4
89368,4
83346,3
9286,3
51602,4
77750,4
74976,4
20269,4
90047,3
4562,2
27141,4
54476,4
8757,4
17868,4
63006,4
77954,4
28927,2
28663,4
52638,4
93271,4
17314,4
49312,4
14705,3
92088,4
36986,4
85809,4
27456,4
15554,4
63003,4
37349,4
18178,2
50886,4
60758,4
16456,4
34413,2
66063,4
35782,4
51862,4
46657,3
66958,2
86015,4
78580,4
19599,4
5324,3
19993,4
10385,4
88454,4
13558,4
53117,4
90481,3
75328,4
15439,4
32341,3
71639,4
16704,4
3788,4
19309,4
67877,4
21032,4
82976,4
26064,4
93261,4
94212,4
79727,4
38187,4
11656,3
53119,4
67447,4
73090,4
13467,3
90214,4
27645,3
4037,4
45136,4
5781,4
30081,1
14830,3
22936,4
72123,4
2348,3
70356,4
74983,4
41345,1
30353,1
17155,4
47867,4
85251,3
37648,4
77312,4
66746,4
4756,3
74584,4
66578,4
76231,4
24967,3
31388,4
76515,4
19370,3
61066,4
52015,4
27786,4
63996,4
78267,2
3360,4
10237,4
75811,4
11409,4
63562,3
18309,4
93652,4
48258,4
55707,3
512,4
6229,3
32063,4
76431,3
73271,4
50316,4
36322,3
18182,4
38717,4
91432,4
20206,4
56043,4
15287,4
1316,4
75548,1
20135,4
44035,3
10167,4
13530,4
30532,1
57496,4
46585,4
39730,4
83590,3
29600,4
77086,3
57330,4
75170,1
2532,4
69412,4
49873,4
50187,4
85139,4
59658,4
40817,4
46921,4
67907,4
93710,4
60815,4
78595,4
73241,4
30897,4
53891,4
85848,3
49936,4
91292,4
92657,3
85624,3
60364,4
19094,4
44305,4
60957,4
72548,4
86221,4
38084,2
19865,4
67434,4
39102,4
7047,4
49142,3
76614,4
75714,4
84951,4
10047,4
19163,4
73823,4
70236,4
63419,4
41008,2
39341,2
68607,4
59138,2
31100,2
79975,4
1166,4
14055,4
93132,4
12487,4
55635,4
72277,4
26299,4
28436,4
38579,2
22153,4
93880,4
21437,4
16079,3
32952,3
12132,1
46014,4
57004,4
51865,4
29800,4
89290,4
87808,4
61776,4
76289,4
56111,4
81027,4
84479,4
93900,4
2406,4
81067,2
63277,4
1188,4
73236,4
1024,3
2928,3
16234,4
1763,4
57608,4
93625,4
46910,3
94789,4
3022,3
84872,3
74462,4
564,4
19912,4
67772,4
12719,4
46601,3
77059,4
79168,4
40026,4
16154,4
92839,4
4131,4
75695,4
62596,4
15827,5
21452,4
36394,4
18999,4
47592,4
64903,4
50144,4
17237,4
74621,4
70512,3
75349,4
32902,4
50099,4
88846,4
84189,3
47089,4
997,4
63500,4
38730,4
93486,4
74662,4
83071,4
73624,4
37538,3
85976,4
56583,4
65378,4
54793,4
40681,4
57548,4
72840,4
78159,4
13211,4
56050,3
60967,4
9436,3
50550,4
62028,4
84001,3
67270,4
70119,4
90438,3
41514,4
42343,4
70741,2
44540,4
62401,3
90132,4
47460,2
26565,3
74916,4
61244,4
56365,4
28400,4
44122,2
66741,4
91715,4
48826,4
80291,4
4480,4
36516,2
91724,3
14903,4
11698,4
63643,4
27272,4
38352,4
74403,4
26955,4
83499,4
1648,4
83917,4
6489,2
64208,4
85907,4
3678,4
32302,4
45424,4
5195,4
91723,4
25132,5
56988,4
67524,4
80704,3
33967,3
17389,2
43189,4
855,4
75142,4
42390,4
91818,4
76750,4
44230,4
80380,2
22813,4
20504,4
60217,4
20298,4
58112,4
43885,2
54365,4
45304,4
17467,3
25796,4
9426,4
11525,3
18613,4
91466,3
90710,3
19447,4
54165,4
3896,3
10387,4
94222,3
78454,4
38259,4
3122,4
18162,4
4992,4
39206,2
21878,4
82565,4
38756,4
74858,4
90824,4
88062,3
46279,4
26427,3
9628,4
47088,3
66079,4
31670,4
10513,4
37634,4
26939,4
67526,4
94596,4
12804,4
4210,4
84974,4
83133,4
23055,4
63874,4
61895,4
33040,4
92870,4
15766,4
78285,4
77190,4
45379,4
14253,3
39098,4
32635,4
74078,4
65532,4
81228,3
87265,3
54362,4
57422,4
49103,4
54514,4
39593,2
90435,4
22272,4
31225,4
37797,2
55753,4
62927,4
84806,3
6849,4
43756,4
31036,4
18062,4
49500,4
78368,3
38706,4
41777,4
29501,3
69869,4
46805,3
74301,4
5222,3
13969,3
87069,4
59477,4
43190,4
88987,4
37135,4
25464,4
71083,4
17747,4
47677,4
61186,4
79244,4
40366,4
58290,4
77792,4
50811,4
43790,2
70646,4
74982,4
4028,4
4533,4
7741,3
39535,4
66992,4
73550,4
72404,4
68466,4
57912,4
42224,4
74657,4
61153,3
89147,4
61570,4
43594,2
13449,3
84248,3
6178,4
40577,4
82684,4
52823,4
16002,4
78370,4
54318,4
54312,3
31515,4
2596,4
23302,4
27391,3
64743,4
53324,3
30070,3
72594,3
15212,2
34578,2
36053,1
34287,4
12152,5
68264,4
31830,4
24796,4
179,4
1835,2
83482,3
44064,4
4052,4
85248,4
4335,4
38887,4
82550,4
64916,4
130,4
35086,4
2800,4
52784,4
17878,4
72768,4
50543,4
44450,4
10411,4
17052,4
13740,4
45234,1
24755,4
80875,1
90622,4
73261,4
38983,4
40750,3
74600,3
62547,4
28458,4
7385,4
38244,4
6351,4
47396,4
84680,4
81991,4
82453,4
51571,4
49510,4
50541,4
7989,5
46151,4
48210,4
31181,4
60842,4
29282,3
12728,4
86012,4
7441,4
88558,4
21885,4
38549,4
22634,4
88949,2
41181,4
45883,4
25324,3
52755,4
20390,3
50231,2
83685,3
21922,4
76012,4
29507,4
2116,4
62923,4
94120,4
69633,4
65240,4
51091,4
91928,3
34167,2
39122,4
40065,4
65205,4
29435,4
56375,4
49569,3
73291,4
39237,4
69887,4
88337,3
75021,4
81476,3
37628,4
48878,4
55650,1
28922,4
32474,4
72765,4
77569,4
63026,4
89452,3
62073,4
86241,3
89950,3
28407,4
60914,4
956,4
69709,4
85210,4
70856,4
52787,4
24861,4
94908,4
98,4
75427,4
34500,4
73398,1
54125,4
13277,3
76348,3
21863,4
19659,4
17163,4
31189,3
22389,4
8749,4
74991,4
61148,4
24514,4
51433,4
25759,4
12962,3
16322,4
60788,4
78442,4
26399,2
86708,3
22090,4
17407,2
19362,4
55240,4
15981,4
29874,4
69225,4
77148,3
69526,4
4758,4
12937,4
77568,4
10097,4
47018,4
42086,3
9688,4
75830,4
80005,4
39284,3
5123,4
50549,4
54862,4
81446,3
65774,4
18100,4
81056,4
51848,3
77399,4
76523,4
30464,4
87419,3
8528,4
64177,4
31264,4
85877,4
36363,3
28788,4
70336,4
84645,3
43605,4
69643,4
27548,3
70221,4
21794,4
65552,4
40015,3
87133,4
92276,4
62399,4
83202,4
58534,4
35377,3
36668,4
88112,4
71004,4
12349,4
14202,4
77527,4
46469,4
53934,4
8842,4
19725,4
78637,4
142,4
8039,4
82877,4
17513,4
85373,4
71080,4
35414,2
54573,4
78968,4
86251,4
18959,4
1844,4
53450,4
16412,4
60415,3
77911,4
49926,4
87054,4
67757,4
94016,4
7310,4
35648,4
72375,4
176,4
36180,2
41196,2
20585,4
87579,3
50354,3
61176,4
36543,4
38591,4
79649,4
22039,4
24100,4
1708,4
69052,4
7559,4
5260,4
17793,4
9469,3
14665,4
17122,4
20916,4
83572,4
45540,4
45622,3
30159,2
4643,3
42901,4
47947,4
61761,4
63090,4
3478,2
48105,4
10886,4
81,4
68551,3
82356,4
92135,4
87458,3
9262,4
93509,4
67003,4
85032,4
29882,4
14201,4
37060,4
51395,4
49439,4
9833,4
74268,1
85762,3
93481,4
70312,4
11717,4
45727,4
80394,4
20806,4
73383,1
61490,4
890,4
70987,4
2635,2
18749,4
84186,4
79575,4
72097,4
61008,4
82837,4
21385,4
416,4
49883,4
9429,3
45363,4
40397,4
48728,4
20936,4
85348,3
83982,3
26345,4
3065,4
49842,4
80695,4
76467,1
28815,4
80406,4
50866,2
92153,4
24433,4
71478,4
39905,4
2922,4
33831,4
43767,4
61331,4
36418,4
11310,4
29209,4
82824,3
77499,4
87321,3
22983,4
43858,4
58646,4
80031,4
92168,4
66280,4
11934,3
19372,4
40206,3
52724,4
38774,4
93973,4
38947,3
31516,3
83826,4
24975,4
58648,3
14109,4
92851,4
67114,4
18301,4
83561,3
1832,1
11772,3
50028,4
34761,4
43673,1
24283,4
65008,4
80173,4
50586,4
16265,4
51497,4
75398,4
40108,4
67366,4
79756,4
37038,2
47453,4
24228,4
4169,4
94296,4
26025,4
24694,4
91129,4
76947,4
55074,4
23618,4
35991,4
30598,4
80761,4
70204,4
16203,3
12918,3
64696,4
5251,4
63615,3
38459,4
89252,4
8241,4
77977,4
87572,3
71122,4
11425,3
72368,3
45840,4
36862,4
79101,4
25170,1
12780,4
65185,4
40002,4
28459,4
2074,3
2430,4
34200,2
30044,4
13012,4
59943,3
23483,3
35095,4
91481,4
59561,3
74449,4
30198,4
84042,4
14019,4
92608,4
71158,4
65759,4
13988,3
24759,3
37292,4
11330,4
31923,4
49702,4
56073,4
78558,5
333,4
63061,4
27723,4
74077,4
53256,4
15785,4
38837,4
89631,3
74769,3
80805,1
84818,4
68780,4
23806,4
81803,4
54461,4
92233,4
6190,4
51677,4
9933,4
25657,3
80356,4
81439,4
43292,4
75381,4
8182,3
65920,3
565,3
32488,4
53106,4
15821,3
13534,4
57754,4
9097,4
34969,4
61972,4
60464,4
6567,4
65067,4
85888,4
52228,4
8156,4
73944,1
8251,4
83780,4
45318,4
17039,4
71664,4
32631,4
46771,4
84821,4
14942,4
53920,4
17824,4
90293,4
4662,4
88331,4
92394,4
7283,1
33435,2
27326,4
81110,2
6039,4
17652,4
15915,4
27904,1
34889,4
61843,3
61732,4
85302,4
42237,4
5550,3
26424,3
40058,4
981,4
83630,3
19351,4
86956,3
13274,4
75772,4
80869,4
12768,4
87465,4
14637,4
2213,4
11645,4
81925,4
87973,4
89677,3
28689,3
40194,2
95031,4
11287,3
52902,4
76707,1
14179,3
58781,4
39704,4
61243,4
83282,4
7653,4
54176,4
23817,4
22221,4
23554,4
24452,3
2641,4
95153,3
21563,4
79566,2
29027,3
93099,4
28485,4
86044,4
9487,4
27363,3
18630,4
69675,4
12143,4
2868,4
80102,4
13546,4
6803,4
74816,4
84276,4
73769,4
55848,4
65977,4
12110,3
25994,4
1438,4
47437,4
8513,4
83415,3
22373,4
56928,4
19749,5
63953,4
72362,4
92235,1
58072,4
66795,4
43249,4
1339,4
27790,4
3565,4
61926,4
89787,4
9629,4
3546,4
89910,1
73975,4
16278,3
21362,4
60282,3
56671,4
17410,4
20017,4
88794,3
58578,4
1277,4
22787,3
17358,4
34637,2
43183,4
61969,4
72858,4
13637,3
56610,4
42535,1
17582,4
1035,4
14219,3
13370,4
6620,4
81406,4
10481,4
17731,4
11481,4
68250,4
95254,4
49703,3
85797,4
56678,4
92878,4
25809,4
11435,3
83235,2
35433,2
21085,4
78078,4
81453,3
36697,2
16546,4
90975,4
24250,4
29163,3
12540,4
91400,4
40337,4
7876,4
10981,4
39974,3
14813,4
698,3
28413,4
88130,4
27260,3
85694,4
7369,4
43062,4
27425,4
19507,4
19025,4
77454,4
74191,3
53793,1
62177,4
8981,4
90518,4
63884,4
58785,4
87751,4
70058,4
44243,4
93866,4
39742,4
32192,5
4890,4
6228,4
83365,4
93995,4
11378,4
28834,4
83805,4
22405,4
15344,1
86325,4
30471,4
9184,4
86700,3
17468,4
75137,4
21592,4
89339,4
27224,4
86372,4
74684,2
20450,4
51754,4
61441,4
15486,4
71401,4
16090,4
49381,4
43725,4
9627,3
66765,4
44036,4
66939,4
57461,4
76447,4
78440,4
32133,4
76108,1
35864,4
60942,4
61058,4
89863,3
65879,4
1011,1
85112,4
38195,4
74622,4
38573,4
9338,3
53954,4
95240,3
40998,4
95167,4
1859,4
52749,4
52817,4
94409,4
73526,4
29760,2
46069,4
9926,4
465,1
23863,4
80898,4
42891,4
24726,4
36783,4
50443,4
82831,4
20647,4
72024,4
63474,4
29685,3
34027,4
24630,4
87291,4
30871,2
82245,3
35964,2
21186,4
72037,4
69537,4
62330,2
65165,3
58523,4
58266,4
85408,4
56482,4
83916,3
37006,4
49542,4
49798,4
31440,4
9109,4
29389,3
78033,4
66732,4
90358,4
5104,4
58331,4
13557,4
64578,4
89025,2
73439,1
78488,4
13635,4
62703,4
27860,3
44833,4
84798,3
1463,4
9322,3
22392,4
76830,2
87450,3
75575,4
67750,4
71724,4
11950,3
34360,4
29034,4
57598,4
41512,2
42001,4
13160,4
80053,4
92128,4
47902,2
19842,4
52315,4
81847,4
58502,3
90942,4
9555,3
442,4
40636,3
54017,4
31494,3
52379,5
69002,4
70015,4
2183,4
77216,3
27600,4
45662,4
28042,4
3410,4
29109,4
50350,3
49912,4
70598,4
51896,4
20491,4
23924,4
69661,4
35951,4
4303,4
57910,4
82460,3
11002,4
37502,1
15845,5
58698,4
44172,4
78916,3
86624,4
57463,4
12332,4
32979,4
85814,4
54433,4
63424,4
90685,3
32066,4
28763,4
91625,3
76058,2
38989,3
46272,4
31070,1
15535,4
89003,4
1478,4
36469,2
81780,2
49869,4
47332,4
63288,4
70973,4
65300,3
90845,3
81839,4
38967,4
360,4
41944,4
89068,4
33370,3
1821,5
80618,4
44103,4
47210,4
45072,4
30635,4
91013,3
63138,4
81723,4
36514,4
70133,4
18419,4
44888,4
34036,4
19922,4
60583,4
36454,4
72551,4
83615,4
78064,4
2212,3
37718,4
30783,4
93664,4
13829,4
91921,4
46314,4
76274,4
6892,4
60770,4
47359,4
10084,4
25269,4
73429,4
87271,4
79090,4
18444,4
18305,4
67174,4
83443,4
43272,4
5706,4
49033,4
45338,4
94671,4
82985,4
94204,3
67008,4
4074,4
43635,4
23261,4
54898,4
41694,4
16745,4
72813,4
34758,4
35642,4
32855,4
73967,4
35045,4
23962,4
65840,4
61591,4
17656,4
59233,4
35903,4
88745,3
69204,4
6445,4
72645,4
78891,4
75609,4
4148,1
39652,4
14007,4
35860,4
93043,4
71663,4
42075,3
26683,2
62859,4
69638,3
46025,4
55814,4
12998,3
67216,4
56134,4
77731,4
42510,2
1916,4
45423,4
41850,4
8133,4
49492,4
58597,1
70209,4
61462,4
95044,3
17858,4
57106,4
30347,4
90880,3
56603,4
36874,2
8370,4
78111,4
76831,4
65811,4
94461,3
51767,4
7769,4
84344,3
33840,3
10639,4
28310,3
76358,4
56357,3
56729,4
12946,4
13288,4
15893,4
72271,4
45225,4
67627,4
72150,4
30050,4
47518,4
41374,4
41779,4
23394,4
5786,3
11519,4
13194,4
41751,4
44046,4
10191,4
60009,4
60054,2
71275,2
63389,4
63859,4
60658,4
86033,4
22967,4
79702,4
57943,4
85660,4
69496,4
55208,4
4581,1
12128,4
57909,4
34253,4
35825,2
93777,4
78009,4
1355,4
32017,4
34038,4
80358,4
1185,4
9310,4
78179,4
4918,4
71190,4
48521,4
58602,4
82080,3
23433,4
52342,4
15295,4
36909,2
29223,4
89465,3
87943,4
15948,4
9832,4
12627,4
39656,4
39221,4
20120,4
30465,4
87870,3
11943,3
30576,4
80541,4
72191,4
5880,4
22519,4
60299,4
91951,3
56826,4
61834,4
60692,4
66298,4
88157,4
70401,4
31993,4
82727,3
51813,4
69899,4
23759,4
75181,4
88515,4
39773,4
65307,4
72595,4
46994,4
30240,2
56865,4
70233,4
25152,3
92111,4
46968,4
1403,4
47272,4
55740,4
72241,3
54339,4
47558,4
54485,4
70128,4
4436,4
66947,4
30934,2
73805,4
54897,4
54614,4
87728,4
81722,4
1633,2
77755,4
34967,4
55439,4
83268,4
93773,4
80864,4
61239,4
54094,4
1938,4
70009,4
77458,1
45334,4
56517,4
38434,4
48924,4
64807,4
63893,4
63036,4
93163,4
15525,4
20163,4
85898,3
39682,4
67228,5
10037,3
68372,4
33668,4
49706,4
76838,4
82903,4
22559,4
50502,4
23274,4
25037,4
74818,3
5780,4
20683,4
13630,4
34838,2
72267,4
87781,4
7558,4
37173,2
91427,3
20988,4
39308,4
9454,4
34990,2
33855,4
22901,4
76326,3
88553,4
93329,4
62536,4
56449,4
81617,4
8982,4
32301,4
19989,4
87466,3
64230,4
55133,4
80587,4
80556,4
44017,4
28134,4
82788,3
64628,4
33847,4
84364,3
65899,4
19846,4
18497,4
39549,2
94950,4
57861,4
64249,4
3197,4
68299,4
25493,4
30137,4
12209,4
25603,4
35896,4
31517,4
29296,4
13260,3
85897,4
14771,3
8634,4
34512,2
19186,4
24688,3
85625,4
38417,4
26473,1
63159,4
44288,4
75580,4
63704,3
82635,4
73032,4
70358,4
37494,4
72184,4
62684,4
71583,4
32477,2
6716,4
4634,1
56953,4
40835,4
65714,4
67069,4
12144,4
30069,4
87436,4
35890,2
37148,4
63072,4
81819,3
64643,4
15336,4
72870,4
92982,2
23655,4
20087,4
85492,4
1023,4
66465,4
21859,3
67573,3
53352,4
76776,4
75926,4
14511,4
21577,4
50606,4
86657,3
4170,4
87435,4
73799,4
53060,4
31120,4
57840,4
59613,4
24413,4
75674,4
19393,4
41906,1
24443,4
65979,4
55029,4
4109,4
15791,3
62226,4
90450,4
5477,4
31299,4
8030,4
70905,4
83540,4
30595,4
41476,4
85082,4
24898,4
36490,4
26726,4
857,2
10217,4
3346,4
64869,4
45243,3
74659,4
6010,4
328,4
43582,4
8629,4
75424,4
14053,4
56853,4
8308,2
4124,3
44741,5
41302,4
66963,4
24867,3
27900,4
83723,3
46110,4
68831,4
12777,4
66989,4
41875,4
86281,4
9772,4
49621,4
85337,4
51086,4
19028,4
62754,4
55089,4
35583,2
42145,4
32925,4
33302,4
32907,1
66639,4
77790,4
72753,4
92801,4
52910,4
35931,4
46640,4
21216,4
22491,4
19984,4
55569,1
94003,4
75236,4
23596,4
8977,4
36969,3
89640,3
91515,4
21671,4
95141,3
11271,2
94913,2
36397,4
59984,4
36598,4
79137,4
27138,4
23242,4
7011,4
81692,4
61532,4
41378,2
11098,4
53848,4
3081,4
94498,3
92256,4
35960,4
50367,4
82557,4
39143,4
64300,4
47492,4
54721,4
17729,4
92368,4
15700,4
74258,4
51522,4
92924,4
80375,4
56336,4
42189,4
66193,4
84618,3
2948,3
55267,3
72256,3
71209,4
32789,5
34280,4
28144,4
23262,4
71273,4
29768,4
93654,4
32669,4
27855,3
32784,3
60898,4
73025,4
70647,3
76351,4
44707,4
33888,4
34206,4
34759,4
33349,4
93797,4
64244,4
65587,4
20448,4
9303,4
88338,4
10400,4
42623,4
16891,4
40200,4
44640,4
20660,4
79579,4
75706,1
62267,4
6658,4
25992,4
56889,4
19483,4
85090,3
4168,3
8145,3
49535,4
28283,3
91616,3
31233,4
85942,4
52446,4
8139,4
50488,4
22633,4
46465,4
42699,4
31015,4
93583,4
45661,1
57473,3
25953,4
2362,4
70425,4
88034,4
20522,4
33139,4
95081,4
10712,4
8140,3
28789,4
25447,4
9223,4
52327,4
2232,4
36690,4
83477,4
23473,4
51907,4
10259,3
93651,4
88626,5
82599,3
89297,4
77948,5
26210,4
77175,2
13331,4
82861,4
1882,4
52650,4
24397,5
30513,4
86991,3
55365,3
2409,4
83303,4
42096,4
86417,3
23474,4
84120,4
76702,4
13213,4
79173,4
62000,4
36883,4
94707,3
17440,4
24577,4
40471,4
11945,4
45040,4
46999,4
95216,4
71965,4
52898,3
32597,4
44804,4
54637,4
78124,4
31193,4
74322,4
72106,4
1436,4
88063,4
70093,4
62197,4
66263,4
77595,4
48529,4
92864,4
13568,4
21931,4
63786,4
38883,4
89832,3
70177,4
39067,4
43336,4
69057,4
94731,3
82292,4
77705,4
13038,4
33848,4
17156,4
33350,4
40399,4
72808,2
91831,3
49,4
48681,4
29370,4
31414,4
17328,4
1827,4
78680,3
44375,4
43742,4
74333,4
9756,2
15318,4
51228,4
60406,4
47276,3
66509,4
84429,3
38196,4
70678,4
81903,4
10497,4
35966,2
29581,4
53721,4
58967,4
82202,4
35063,4
13627,3
83852,4
3339,4
89837,4
63169,4
37699,4
63293,4
39973,4
73882,1
58895,4
92044,4
57060,4
92432,4
36709,4
60904,4
71692,4
84693,4
30572,2
3453,4
62697,3
1045,4
92325,4
43469,4
13068,3
12610,4
56547,4
18335,4
54930,4
56045,4
80443,4
40064,2
25015,3
11533,4
16025,4
56287,4
8771,4
91510,3
94164,4
33656,4
20311,4
39502,2
32046,3
25215,4
84572,3
45344,5
49092,4
69032,4
21508,4
71637,4
42607,5
73171,4
31316,4
13650,4
63530,3
92916,4
89176,4
15089,4
55078,2
93983,4
36037,2
50580,4
35882,3
39275,4
17774,4
15855,4
52691,4
28566,4
48399,4
50046,4
31340,4
72579,4
32241,4
66703,4
81449,4
57272,4
50041,4
903,4
23661,4
23981,4
78783,4
86378,4
81905,3
11381,3
40853,2
9098,4
61192,4
71793,4
1759,4
33615,4
69548,4
90526,4
20413,4
11349,4
38268,4
93469,4
44689,1
80268,4
16997,4
93394,3
64466,3
69478,4
48834,3
39134,4
87590,3
16034,4
76925,3
70601,4
63230,2
48317,4
55257,4
61613,4
11446,4
55667,4
57452,4
93173,4
70627,4
48220,3
72736,4
79301,4
59420,3
11678,4
25912,4
88866,4
27275,3
14212,4
90381,3
51169,2
22453,4
19786,4
88078,4
51606,4
89304,1
88771,4
4106,4
67466,4
22790,4
6667,4
27576,4
21720,4
17776,4
46228,4
78028,4
12324,4
58535,4
66164,4
33204,4
10958,3
74346,1
94452,4
65953,4
39476,4
27234,4
39637,2
46240,4
40417,4
18258,4
68057,3
8519,3
12915,4
18845,4
36181,4
83938,3
21557,4
83506,3
69998,4
82747,4
4129,4
3784,4
92161,4
70783,4
87603,4
59861,4
85259,3
9259,4
15914,2
33186,4
11406,2
78521,4
68828,4
833,4
17673,4
62832,4
81378,3
10092,4
68863,4
44160,4
19648,4
8548,4
95128,3
19809,5
83014,3
12135,4
68506,4
5144,4
2944,4
13009,4
10057,4
2246,3
81671,3
73318,2
69745,4
88941,3
35994,4
48335,3
90484,3
17030,4
22275,4
37707,4
92401,4
41775,4
44912,4
59375,4
85892,4
11383,4
41860,4
60713,4
95150,3
68517,4
62576,4
69807,4
84655,4
6341,4
19684,4
10423,4
75103,4
29137,4
45889,3
77560,4
23078,4
39720,2
82252,4
8110,4
41015,4
37265,2
26530,4
77470,3
81006,2
63134,4
18566,4
84057,4
93400,4
29603,4
31160,4
35380,4
89495,4
10572,4
60053,4
93037,4
45508,2
59267,4
32452,4
67770,4
23138,4
12707,3
43639,4
90907,4
49838,3
16172,4
49306,4
68510,4
58376,4
57291,4
20804,4
15254,3
34164,2
37378,4
20880,4
59222,2
91672,3
70839,4
78849,4
18285,4
76994,4
84178,3
54751,3
50309,4
57018,4
20370,4
21380,4
39688,4
85198,3
85159,3
27453,3
10925,4
2027,4
8328,4
29922,3
56715,4
18958,4
58011,4
41671,2
15569,3
27374,3
25059,3
67824,4
74850,4
16247,4
19520,4
57381,4
55362,4
54188,4
59905,4
78748,3
47369,4
24955,2
35990,4
74626,4
86585,3
31360,4
56034,4
44612,4
10208,4
71306,4
40226,4
52707,4
86822,3
66579,4
88721,4
34904,4
68081,4
54840,2
20799,4
41513,2
58907,4
78469,4
34632,4
42393,4
85052,4
13215,4
80495,4
30578,3
43706,4
31793,3
93789,4
28672,2
47777,4
40949,2
25565,3
23844,4
53990,4
83551,3
36356,4
18087,4
18445,4
68214,4
72525,4
38913,2
48361,4
34246,2
82291,3
44926,4
45017,4
94966,4
24927,1
92564,4
52287,4
35083,4
86031,4
28161,4
80108,4
29144,3
50689,4
87515,4
86988,4
13271,4
75492,4
34317,3
12936,2
85991,4
61757,4
55656,4
84673,4
87593,4
62375,4
47282,4
2573,4
51610,4
28567,4
26825,4
46816,4
93180,4
5259,4
63741,4
76749,4
82248,3
23471,4
38921,4
52528,4
64761,4
20634,4
78769,4
58052,4
28468,4
86078,3
88322,4
94434,4
13533,4
39296,4
67826,4
74124,4
46220,5
34217,2
40720,4
18809,4
51952,4
2237,4
26664,4
30498,4
49546,4
77035,4
31105,3
26767,4
37701,4
44464,1
60077,3
46990,4
53537,4
52947,4
53953,4
30091,4
3860,1
50460,4
12077,4
61871,4
81940,4
34742,4
15126,3
79451,4
48108,4
37610,2
84888,4
71153,4
34506,3
64473,4
3887,4
90030,3
63603,4
11505,3
38333,4
32967,4
33882,4
1061,4
92846,4
74894,4
52888,4
54959,3
55124,2
5478,3
65411,4
37261,4
34862,2
39430,2
72901,4
17150,4
55108,4
93325,4
87659,4
67535,3
48884,4
91209,4
49924,4
85347,4
92618,4
2448,4
82883,3
36749,4
43995,4
88458,3
83424,3
29808,4
42574,4
93228,4
25191,3
50528,4
72852,4
21801,4
59212,3
5592,4
50178,3
25403,4
81982,4
3413,4
92985,4
81472,4
62638,4
44659,4
73587,5
29877,3
34227,4
17754,4
46196,1
8492,4
72988,4
90921,3
42270,4
56948,1
79154,4
3853,4
48236,4
76951,4
43009,2
6201,3
29893,3
63221,4
58442,4
40846,4
16368,1
83044,4
75458,4
58037,2
73287,4
80185,4
47983,4
62458,4
7004,4
63937,4
1538,4
52241,4
88169,3
20315,4
5242,3
75796,4
5407,4
89665,4
82266,4
34032,4
6290,4
24920,4
74239,5
86911,4
15832,4
67091,4
10164,4
74517,4
72973,4
35613,2
26639,4
67103,4
65756,4
31184,4
17511,4
54482,4
56297,4
77375,3
87422,4
71260,4
27297,4
25554,4
75129,4
17762,4
35524,2
17427,4
24611,5
85611,4
58656,4
25611,3
36326,2
69155,4
34953,4
34954,4
27178,4
36657,4
86465,4
52507,4
1709,4
51369,4
63531,4
40105,4
35523,4
3185,4
70091,4
62122,4
38694,4
29905,4
94906,4
42173,4
80340,4
67490,4
11051,4
23192,4
94793,3
40908,2
41681,4
74583,4
87305,4
26172,4
402,4
56055,4
18722,4
22301,4
18647,4
52150,4
51496,4
51851,4
57899,4
80442,4
86045,4
26028,3
77611,4
58214,4
64846,4
83030,3
8652,4
25793,3
44296,4
1473,2
9539,4
3771,4
32856,4
5909,4
23243,4
500,4
51871,4
39396,4
69409,4
94252,4
71764,3
37429,4
43468,4
54092,4
49235,4
91479,3
29678,3
51590,3
75974,4
54426,4
32392,4
55703,4
73571,4
12343,4
31213,4
49554,4
54127,4
84183,3
86497,4
75265,1
13084,4
28218,4
7221,4
82299,3
12565,4
2152,3
68053,4
27624,4
72389,4
42056,4
38188,4
6907,4
46686,4
83106,4
4848,1
82868,4
79688,4
34165,3
70096,4
29146,5
80223,1
50764,4
59926,4
76563,4
74209,4
79712,4
17508,4
11466,3
35183,4
85981,4
48636,2
67979,3
11610,4
78697,4
15862,4
84008,4
77439,4
68290,4
80276,4
3901,4
30476,3
84720,4
70024,4
53384,1
88970,4
75490,3
86138,4
61370,4
35097,4
66884,4
91826,4
6848,4
1758,4
45033,1
52923,4
90257,3
23688,4
81583,4
42634,4
33467,4
69365,4
47159,3
53168,4
59036,4
34035,4
74129,4
10129,4
76430,4
80049,4
54625,4
22235,4
49691,4
57558,4
11919,4
21494,4
83782,4
86344,4
35409,4
28349,4
42692,2
24490,3
4612,4
59258,4
46181,4
9524,4
79285,1
1271,4
24011,4
75849,4
63313,4
6973,4
41573,4
74276,4
67658,4
42612,4
32605,4
4911,4
34634,3
94248,4
78632,4
11542,4
62462,3
11893,4
6885,4
91529,1
37497,3
40739,4
60388,4
94264,3
94844,3
71861,2
43921,4
32837,4
85418,3
68978,4
14819,4
79909,5
1174,1
5937,3
17900,4
35257,2
87394,3
92955,4
70530,4
92776,4
46567,4
43649,4
22016,4
42458,2
89668,4
316,4
63527,4
37217,4
56669,4
29851,4
67288,4
88904,3
37172,4
27,4
61918,4
18852,4
42402,4
64454,4
87272,4
48789,4
1220,4
69197,4
75215,4
12388,4
76327,1
38383,4
18510,4
59024,4
59348,4
47821,4
32140,3
48112,4
71373,4
9086,3
86813,3
92393,4
88,4
64976,4
92323,4
46073,2
28153,4
74836,4
39394,4
89506,3
33522,2
21504,4
45022,4
36019,4
6886,4
70907,4
79470,3
7232,4
33118,4
58880,4
29457,4
53257,4
64003,4
14970,4
22531,4
19823,4
9972,1
68128,4
72677,4
26773,4
6082,4
90307,3
61612,4
26792,4
68632,4
35323,2
6470,4
80469,1
92950,4
51788,4
27787,4
40022,3
10263,4
33810,4
12800,4
28823,4
34869,4
34030,4
10030,3
93897,4
58187,4
75509,4
72687,2
52099,2
90601,4
34235,4
85214,3
88760,4
60745,4
25787,4
37360,4
60599,4
30100,4
4321,3
79184,4
2655,4
29050,4
2633,2
79736,4
16857,4
11395,3
17020,4
78418,4
1591,4
86887,3
75404,2
71343,4
53366,4
43601,2
31939,1
41380,4
22286,4
37732,4
23576,4
28386,4
79615,4
19323,4
27612,4
3685,4
11803,4
74615,4
14343,4
50650,4
37743,4
22673,4
48407,4
32816,3
37258,4
82530,3
61270,3
49965,4
81589,3
40278,4
47103,4
27388,4
85595,4
31980,4
23823,4
61014,4
45118,4
68625,4
14377,4
44723,4
7875,4
27863,3
52426,4
16013,4
66899,4
41859,4
48617,4
8594,3
94984,3
82355,4
6203,4
59417,4
22225,4
21617,4
63014,4
61636,4
9522,4
53834,4
42950,4
44768,4
66138,4
88258,3
86521,4
3462,4
42955,4
66047,4
77080,3
13393,4
15266,4
70731,4
25158,3
74997,4
16220,4
72642,4
63493,2
58740,4
78161,4
62083,4
72162,3
90576,4
12851,4
37813,2
59898,4
5485,4
3473,4
44894,4
54376,4
30272,4
43933,5
79703,1
34247,2
15572,3
11988,4
28580,4
88234,3
24243,4
12734,4
1382,4
34054,3
55657,1
1265,4
36673,4
1716,2
17558,4
53491,4
74532,2
62632,4
55990,4
11360,4
76234,1
54744,4
28231,4
15076,5
41544,2
40312,4
9929,4
59379,4
87625,3
39589,4
75945,3
9692,4
4564,4
74968,4
59177,4
62293,4
54575,2
31710,3
32253,4
31527,4
69247,4
81142,4
37074,4
29906,4
34984,4
32176,4
84194,4
16946,4
41082,4
43779,4
75164,4
76541,3
84431,4
71538,4
56025,4
79416,4
81202,4
41153,4
16696,4
13063,4
62910,4
28859,4
41227,4
37354,4
43217,4
24022,4
12379,4
44722,4
15398,3
61394,4
57460,2
57628,4
47979,4
57864,4
86836,4
87045,3
49051,4
39446,2
84594,4
94234,3
84699,4
77687,2
66007,4
37891,2
91735,4
44203,4
80364,4
88428,2
27311,3
48442,2
21079,4
16734,4
93096,4
7777,4
59398,4
68071,4
10861,4
13717,4
9015,4
47693,1
27110,4
27895,3
19602,3
3962,4
2904,4
17601,4
2142,4
86883,4
56288,4
11218,4
80142,2
71738,4
61049,4
82728,4
62282,4
47045,4
38098,2
40447,4
34793,2
2774,4
65451,4
41610,2
49925,4
6753,4
21752,4
12018,4
64851,4
64070,4
13050,4
64483,4
14832,4
2438,3
74398,4
51557,4
83123,4
23134,4
85820,4
83243,3
83864,3
39035,4
8517,4
27763,4
81442,4
15349,4
56582,4
15273,4
8236,4
57432,4
58219,4
51407,4
46436,4
8606,3
83186,3
25675,1
53593,1
51448,4
14376,3
27499,4
58631,3
54988,4
6280,4
39010,4
86962,3
15400,2
43839,4
44643,4
41870,4
42148,4
92593,4
94918,4
24712,3
62442,4
51273,4
87749,3
8307,4
20072,4
63916,3
87071,4
58642,4
2166,4
19622,4
35721,2
53903,4
92341,3
76051,4
93984,4
65842,4
61630,3
41325,4
45974,4
23462,4
38776,2
4731,3
78073,4
58753,3
19041,4
66032,3
28724,4
91302,4
82256,3
16673,4
36908,4
36715,2
69695,4
93095,4
28679,4
14522,4
38612,2
12439,4
30554,4
14036,4
85141,3
8506,4
22663,4
12428,4
67194,4
2527,4
44238,4
88942,2
5365,4
29785,4
79661,4
73179,4
82891,3
53377,4
68593,4
92194,4
28725,4
82908,4
43509,5
76372,4
66828,4
54747,4
16473,4
24701,4
94651,4
87494,4
7482,4
85589,4
56871,4
23041,4
74454,1
89341,2
29606,4
44906,4
12638,4
25448,3
4242,3
86759,4
9495,4
39609,4
44897,4
53078,4
4699,4
91539,4
75576,4
71303,3
48187,4
59991,4
7953,2
86888,4
59762,4
81880,4
35134,4
41360,4
58809,4
48668,4
58218,4
13867,4
56195,4
62968,4
82339,4
94868,4
50732,4
60049,4
64755,4
79413,4
47818,4
14720,3
73150,4
85038,2
78912,4
66582,4
22570,4
45489,3
77481,4
48143,2
68969,4
48429,4
79405,4
79773,5
90006,4
16337,4
93485,4
31243,4
93939,4
17217,4
92014,3
70524,3
84096,3
30420,3
60324,4
68415,4
39945,3
57987,4
86510,4
77244,4
38576,4
32633,5
91453,5
10908,4
4215,4
67768,4
46160,2
71854,4
70707,4
64307,4
26152,4
56824,4
49812,4
74637,4
28905,4
8208,4
37857,4
72154,4
128,4
43880,4
85055,4
70822,4
19060,4
65907,4
78967,3
44177,4
13950,4
24101,4
79892,4
69667,4
50449,4
27344,4
2103,4
5109,4
92364,4
13126,4
10681,3
53084,4
55043,4
60943,4
17947,4
1297,4
16583,4
19466,4
35986,4
51259,4
45594,4
58983,3
60008,4
49201,4
38911,4
50201,4
53089,4
48305,4
41908,3
71486,4
70559,4
46063,4
48051,4
67308,4
55941,4
68852,4
16062,4
27618,4
19879,4
82538,4
42619,1
72477,4
81802,3
70366,4
16638,1
84052,4
18215,4
87396,4
30857,4
41847,4
20405,4
81326,3
63099,4
59092,4
62065,3
89920,3
51390,3
55575,4
53971,4
42745,4
16399,4
38475,4
51932,4
90573,3
73289,2
22535,4
86318,1
73159,3
92132,4
83180,2
34646,4
22514,4
32087,4
478,4
67017,4
59364,4
87041,4
71676,4
71703,4
14715,4
82150,4
29151,3
73324,3
4753,3
52852,2
8036,4
39853,2
72207,4
16650,4
75378,4
74966,4
43287,4
31976,4
91837,3
66299,4
75487,4
21465,4
40314,4
47120,4
95182,3
2879,4
40705,2
5140,4
74413,4
451,4
61333,4
46690,4
27274,4
83665,3
63296,4
93081,4
79874,4
57237,4
86800,4
46259,3
21587,4
11033,3
80140,4
35993,4
76393,1
20624,4
23157,4
94260,3
75050,4
80170,4
72797,4
73293,3
37940,4
44919,4
43670,4
61740,4
89855,3
90259,3
5238,4
81485,4
92570,4
73952,4
7141,3
48812,2
33049,3
78283,4
83535,3
16871,4
24193,4
93650,4
71631,4
65441,4
49441,4
238,4
23674,4
34026,3
54664,4
21511,4
95211,3
90067,3
51875,4
49708,4
16639,3
3551,4
63982,4
71203,4
58663,3
76926,3
3932,3
72448,4
6204,5
7644,4
81025,2
1677,4
24,4
12310,4
84088,3
75900,4
86477,4
89287,2
42712,4
35607,2
73608,4
42283,4
15839,4
74405,3
40053,4
35179,4
31788,4
24515,4
29757,4
91915,3
28207,3
71011,4
73177,4
11347,4
16613,4
39698,4
55668,4
52757,4
6869,4
15884,4
49858,4
36135,4
33368,3
20539,4
26876,3
58138,4
37879,4
59320,4
86445,3
75713,1
38670,4
65346,4
4511,4
67891,4
81588,3
73885,4
9736,4
65912,4
48142,4
70676,3
39142,4
71768,4
90160,4
67426,4
33361,3
73544,4
55320,4
17435,4
28913,1
72019,4
63917,4
60559,5
24539,4
56506,4
73395,3
70396,4
40555,2
83953,3
17383,4
31287,4
28311,4
48738,4
10710,3
27179,4
55714,4
67356,4
41281,4
30453,4
27807,4
55685,5
65786,4
67591,4
59451,4
41868,4
21210,4
17522,4
67656,4
46261,4
93218,4
35020,4
70083,4
25365,4
60292,4
94806,3
79000,4
57799,4
31411,5
19522,4
45860,4
54859,4
68601,4
36296,4
20830,4
51964,4
21995,4
92149,4
71254,4
55278,4
7354,4
44001,4
55123,3
92339,3
19727,4
45340,5
90502,3
51771,4
93067,4
69175,4
41853,1
3917,3
56829,4
42181,3
59413,4
10622,4
12742,3
18504,5
31297,4
86549,4
19045,4
88495,4
687,4
89540,3
22718,4
69584,4
17634,4
84889,4
58377,4
71841,3
93953,4
63334,4
80242,4
78496,4
69900,2
59908,4
46462,3
22350,4
67840,4
62505,4
54926,4
56003,4
62190,4
42715,2
74106,5
88739,4
83148,4
13526,3
77134,4
92207,4
750,4
54737,3
77718,4
64041,4
39625,4
35424,4
91370,3
73772,4
41891,4
6128,4
48647,4
84079,4
65928,4
13372,1
19501,4
41151,4
26992,5
76387,4
82056,4
57242,4
29032,4
40700,4
62230,4
9061,4
17413,4
629,4
87196,4
58058,4
65934,4
57926,4
47188,4
55347,4
83027,4
45414,4
50479,4
23565,4
91111,3
91600,3
76548,4
64664,4
55993,4
6446,4
12276,3
21648,4
53870,4
30199,2
49865,4
87169,4
92613,4
15858,3
13824,4
32923,2
40353,3
677,4
15416,4
19445,4
43015,4
62622,4
6188,4
88184,4
12073,5
7108,2
57878,4
94483,4
76154,4
39922,4
1985,4
24843,4
21561,4
52158,4
79201,2
14450,5
74831,4
53532,4
10567,3
67989,4
21204,4
60194,4
1719,4
82485,4
21767,4
73492,4
39645,4
74320,4
89311,2
2388,4
87745,3
43385,4
81189,3
61012,4
64301,2
6651,3
17884,4
26249,3
17848,4
8122,4
79198,4
34470,4
55273,4
58033,4
64961,4
11044,3
37036,4
18863,4
62188,4
680,4
20796,3
65558,4
43511,4
24754,3
27522,2
48133,4
33589,4
7584,4
45052,4
24306,3
51176,4
5787,4
84392,4
39219,2
57973,5
37994,4
86766,4
37444,4
49950,4
25522,4
40218,4
60606,4
74545,4
47450,4
86806,3
6985,3
87258,4
82579,4
32650,3
22580,4
74891,4
27505,4
47704,4
5814,4
43314,4
70278,4
81371,4
8698,3
81675,4
33227,4
57353,4
547,4
54818,4
34455,4
27730,4
4875,4
67896,4
84809,4
26940,4
89938,1
6404,4
18869,4
24631,4
86001,4
93403,4
17080,4
42590,1
11226,4
54248,4
51658,4
24698,4
17167,3
20675,4
66105,4
65562,4
72282,4
65987,4
56926,4
34083,2
49123,4
1232,4
77910,4
7683,4
73081,4
59006,4
47814,4
27676,3
37157,4
7358,4
8821,4
71051,4
17272,4
66519,4
79709,3
16944,4
82034,4
35495,2
34829,4
27602,4
9481,3
3690,4
6479,3
56987,4
66359,4
3645,4
80110,4
48000,1
12883,4
44453,1
89206,4
65134,4
77680,4
33325,4
77049,4
21660,4
74995,4
21726,4
65060,4
18098,3
3734,4
60831,4
18334,4
10243,4
33341,1
87904,4
22583,4
24311,4
43606,4
612,4
8381,3
56181,4
72173,4
41438,4
8604,4
71507,3
54794,4
67259,4
54771,4
63085,3
21047,3
21276,4
60349,4
68062,4
4915,4
57062,4
35042,3
32218,4
52818,2
59821,4
13051,3
88055,4
40791,2
37947,4
71362,4
50994,4
92859,4
65139,4
65930,4
45928,4
74297,1
26602,4
254,4
14592,4
84097,4
70978,4
30812,4
30395,3
94368,3
43535,3
90017,3
26944,3
84018,3
29474,3
75049,4
33471,4
40412,4
86373,4
30678,4
22154,4
8925,4
80515,1
76041,3
78085,4
80204,4
22400,4
76988,2
290,3
19900,4
16995,4
38654,4
88973,3
14192,4
4051,4
36613,4
77502,4
37411,3
45758,2
61487,4
82542,4
17832,4
29806,3
37313,2
32123,4
42547,4
21823,4
15348,4
81004,4
27963,3
24426,3
81018,4
23052,4
37324,3
81736,4
90183,4
15178,4
32295,3
47163,4
77219,4
74666,4
52207,4
38789,4
5917,4
54890,4
21698,4
48379,4
45673,4
74014,1
85969,4
47935,4
1744,4
48432,4
47034,4
62262,4
26505,4
80775,4
45931,5
6915,4
33201,4
85965,4
66700,4
51585,4
90362,4
57175,4
79507,4
38054,4
91966,4
16867,4
92705,4
44095,3
28784,4
69785,4
79289,4
71433,4
33012,4
88943,4
94136,4
60582,3
81756,3
36,4
66906,4
11100,4
79944,4
4606,4
56434,4
61618,3
49655,4
89655,3
17010,4
34229,4
40329,2
54885,4
10160,4
55229,4
54496,4
72978,4
16253,4
45681,4
93757,4
66867,4
19039,4
6661,3
69773,4
82679,4
76115,4
59774,4
226,4
13172,4
17207,3
38322,4
93233,4
75578,4
90547,4
7025,3
44813,4
37158,4
80084,2
65190,4
54904,4
62668,4
54351,5
10101,4
73369,3
67871,4
26179,1
66914,4
27134,3
93923,4
61098,2
82141,3
51413,4
85667,3
11291,4
16131,4
7845,4
2888,4
21816,4
68914,4
36951,2
84777,4
63724,2
45828,4
14973,3
63075,4
32528,4
45634,4
66410,4
13113,4
40645,2
52510,4
24180,4
13207,4
7568,3
85637,3
55035,4
42289,4
10620,4
33989,4
9146,4
38024,4
69909,4
10856,4
58224,2
58923,4
70388,3
2148,4
82790,3
18291,4
18854,4
20853,4
69959,4
55348,4
5885,4
55873,4
15052,4
7763,4
53055,4
58085,4
86315,4
45471,4
82272,2
3666,4
3750,4
29539,3
2040,4
10735,4
52180,4
79326,4
50336,4
47258,4
65775,4
13140,4
33326,4
30333,4
24149,4
26742,3
8581,3
88114,4
60909,4
15594,4
64906,4
83110,4
83273,4
1723,4
28588,4
22404,4
26472,4
29765,4
81992,4
42727,4
11873,5
16358,4
40971,4
33706,4
62165,4
49974,3
80727,4
11303,3
61411,4
87389,4
79961,4
65459,4
93607,4
43093,4
75866,4
90005,3
84455,3
90617,4
94980,4
48951,4
38510,2
47809,5
50006,4
94635,4
91571,3
73579,3
12153,1
51216,4
31250,4
81318,4
91320,4
59444,4
81009,4
43154,4
83807,4
17485,4
83697,2
31418,4
4979,4
11769,4
78051,4
44003,4
46989,4
11371,4
41077,2
41491,4
17501,4
53536,3
51368,4
80604,4
31247,4
30255,4
44785,4
39976,4
19687,4
60705,4
79105,4
41735,2
19630,4
29734,4
36928,2
34370,4
82874,3
43087,3
50044,4
47127,3
86753,4
75526,4
81914,3
52739,4
17061,3
20908,4
5532,4
83531,2
44426,4
5858,4
85274,3
14977,4
40872,3
30693,5
86474,3
91234,3
47605,4
73298,4
18408,4
90924,4
33109,4
63812,4
85031,4
65285,4
61269,4
52843,3
76600,4
42462,4
71027,4
55578,4
28263,3
275,4
7122,4
39676,4
34434,2
77287,4
13332,4
74233,4
44261,2
30430,4
43198,4
47066,3
73203,4
7701,1
81564,3
50258,4
64661,4
937,4
11916,4
86653,4
86846,4
2315,4
42307,5
27279,4
4837,4
40568,4
47041,4
75908,4
95029,4
11562,4
71762,4
33699,4
7676,4
19653,4
54998,3
30338,3
37980,3
70586,4
24551,4
89878,4
82014,3
16901,4
83550,3
70674,4
22220,4
41506,4
93553,4
46055,4
10811,3
60016,3
50778,4
91412,3
83876,4
39107,4
21250,4
9881,3
73636,3
86803,4
75643,4
41245,4
71106,4
47975,4
48990,3
49565,4
49914,4
60195,3
11925,3
17584,4
47635,4
78326,4
26075,1
12808,3
9764,1
38274,4
29496,4
18002,4
76486,4
32239,4
77264,4
60926,4
10966,4
64829,4
73243,4
16846,1
62274,4
40787,4
48113,4
67180,4
43165,4
1162,4
4665,3
86923,4
86712,3
15265,4
84281,4
14918,4
25140,4
3230,4
58027,4
76588,4
13482,3
4685,4
54170,2
15533,4
49380,3
75253,3
77379,4
21887,4
51193,4
74436,4
37046,4
84729,4
38306,3
73828,4
25744,4
81911,3
46547,4
62944,4
88235,3
37697,4
52538,4
17386,4
28502,3
21388,4
66847,4
94055,4
72941,4
26157,4
17894,4
54551,4
70763,4
59427,4
81900,4
89489,4
84784,4
23362,4
89125,4
66707,4
88905,4
66279,4
86804,4
63775,4
1125,4
87160,3
42996,2
92467,4
88485,4
28774,3
7818,4
72762,4
67059,4
41883,4
90655,4
23869,4
65872,4
11677,4
48144,4
15952,4
58533,4
36295,4
62563,4
86172,4
29651,4
44369,4
47170,5
89179,3
92926,4
44120,4
2792,4
12613,4
4781,4
87693,4
80228,4
5157,4
17470,4
76891,4
42419,4
17175,4
71129,4
43736,3
51775,4
44538,2
56875,4
21907,4
2318,3
87314,2
16029,4
34641,4
44817,4
8296,4
64323,4
75307,4
30612,4
34743,2
9049,3
58094,4
86998,4
48353,4
62222,4
64379,4
30676,4
18967,4
23225,4
26202,4
54368,4
33866,4
37950,4
46658,3
65112,4
91586,3
25577,4
79797,3
49172,4
62341,4
91261,3
87079,1
21031,4
53840,3
54850,4
30174,1
88369,3
26717,4
23967,4
23540,4
7826,3
73244,4
78729,4
42489,1
64569,4
28106,4
56024,2
48288,2
1714,4
28027,4
53166,4
5315,4
82655,4
71252,4
1105,4
20867,4
56198,1
65275,2
54040,5
37026,4
3337,4
10789,4
59941,4
7172,4
28987,3
45294,4
23252,4
42992,4
46187,4
17025,4
42025,2
22970,4
70502,4
56380,4
40746,4
64845,4
38518,4
64033,4
61395,4
3472,4
78385,4
52821,4
72851,4
41348,4
85130,4
74940,4
6893,3
65202,4
84871,3
31550,2
74079,4
9834,2
73594,3
29420,4
10182,4
37539,4
57704,4
46111,4
76578,4
82270,4
71037,4
89192,4
69719,4
47581,4
87576,3
72611,4
1937,3
19574,4
82414,4
7273,3
65805,4
31144,4
38310,4
49609,4
77427,1
59091,4
81054,4
38683,4
50143,2
45946,2
2377,4
88816,4
16662,4
46626,4
31272,4
19443,4
24931,4
65443,2
9288,4
28882,4
90434,4
73794,3
30075,3
88947,2
55194,4
71416,4
10654,3
58373,4
86479,4
56251,4
82666,4
35581,4
48058,4
56594,4
57174,4
39751,2
78321,4
79591,4
49584,4
69738,4
88486,4
91138,4
14816,4
31717,4
59265,5
26155,3
33838,4
51402,4
5366,4
37906,4
59372,3
62798,4
61745,4
11201,4
24827,4
57136,4
34701,4
86422,4
11955,4
91425,4
53508,1
61840,4
68665,4
71345,4
49967,4
13837,4
64984,4
46159,4
18467,4
34334,4
9930,4
4216,3
62024,4
48130,4
49329,4
49055,4
2056,4
50511,4
39734,4
67969,4
76216,4
86748,4
4825,4
29018,4
58116,3
91866,3
47376,4
77552,3
13096,4
75577,1
4360,4
43253,5
94805,4
54423,1
54006,4
15288,3
40221,4
1728,4
17319,4
12410,4
60319,3
10420,4
60989,3
82500,4
62577,4
8809,3
78253,4
61402,4
95300,4
68816,4
43893,4
6054,4
2351,3
71487,2
68769,4
45981,5
33113,4
22819,4
62257,4
29142,4
26462,4
84338,3
44953,4
32266,3
79950,2
52738,4
77603,4
74284,4
5297,4
49890,4
46094,4
67742,3
31092,3
15983,4
30211,4
60056,4
93589,2
39478,4
44115,4
15562,4
67885,4
36202,4
21570,4
15665,4
50289,4
37850,2
27821,4
415,3
49330,4
12328,4
48387,4
41298,2
67116,2
33140,4
26487,4
48691,4
42280,3
56178,4
84447,3
73350,2
88181,4
26335,4
22043,3
9837,3
67530,4
65603,3
74039,2
34853,2
91722,3
20994,4
61586,4
71908,4
63382,4
80894,4
15555,1
54126,4
46521,4
57891,3
41757,4
42794,3
42057,4
30040,5
81300,3
84878,4
64785,4
78773,3
91503,1
51079,3
52101,3
667,4
13379,4
82740,4
82131,3
88804,3
43307,4
58676,4
5848,3
1600,4
52336,4
25712,4
70313,4
11785,4
2052,4
70447,4
29592,4
3244,4
50322,4
89856,3
69465,4
90811,2
59533,2
17721,4
73371,2
49472,4
20217,4
35146,4
54084,3
20326,4
62928,4
43821,4
44628,4
20512,4
32658,3
41427,4
60680,3
14236,2
78199,4
29285,5
79577,4
57238,4
89434,3
24272,4
86111,4
41675,2
68407,4
92667,4
94402,4
76804,4
40371,4
18685,4
41093,2
47916,4
82820,3
48101,3
60168,4
82332,4
70945,4
81305,4
90445,4
63356,4
25186,3
63236,4
23295,4
61328,4
18522,4
46821,4
59257,4
66169,2
82053,3
33590,4
71513,4
94872,3
9568,4
87473,4
29162,2
16421,4
68818,4
85644,4
39518,4
46688,4
51113,4
74781,4
64433,4
25561,3
84833,3
31542,4
48248,4
5886,4
81679,3
22596,4
49977,4
27012,3
86395,3
6736,4
79030,4
36866,2
67278,4
74368,4
17563,4
20263,3
46390,4
44239,4
46426,3
86060,4
34626,2
41189,4
56851,4
38773,2
56329,4
81458,4
76706,3
55994,4
57961,4
56294,4
70712,4
15551,4
51990,4
37623,4
13267,4
68061,4
52936,1
18692,4
63721,4
29521,4
60979,4
22950,4
49014,4
36304,4
16529,4
60273,4
21342,4
37941,3
59519,4
69535,4
48535,4
78602,4
59018,4
42624,4
33215,3
87540,3
41002,2
5110,4
71069,4
78811,4
89131,4
74329,4
64705,4
17249,4
23365,4
11066,3
65156,4
89790,3
3733,4
50158,4
81889,4
30757,4
53636,4
58460,4
4592,4
68619,3
91217,3
29464,4
42437,4
39952,4
29904,4
84986,3
48864,4
91771,4
12396,3
70756,4
82442,4
70214,4
42774,4
24362,4
49184,4
44924,1
72444,4
61365,4
47333,4
79089,4
50600,4
77014,4
46088,2
84917,3
40911,2
18217,4
4085,3
52521,4
34304,4
13715,4
20957,4
31255,4
41118,4
58028,4
37329,4
62627,4
28632,5
67022,4
949,4
7940,4
34447,2
42864,4
92886,4
1704,4
64676,4
38528,2
47963,4
1183,4
54438,2
33446,3
48942,4
6605,4
44812,2
62767,4
7850,3
43761,2
94504,4
39257,4
13439,3
71041,4
67297,4
92316,4
58812,3
42133,2
28432,3
91413,3
5073,4
66381,4
93492,4
71480,4
33942,4
31641,4
9219,4
79019,4
18584,4
36387,4
33392,4
58643,4
75991,4
74767,4
69512,4
58675,4
20465,4
63997,4
36770,4
22780,4
84537,4
86225,4
79025,4
31596,4
49442,4
72649,4
8882,3
88170,3
20550,4
89596,3
89145,3
29070,4
6603,4
30526,4
33992,2
11240,4
14210,4
84347,4
33655,4
51807,2
26902,4
1934,4
86368,3
64746,4
53151,4
40836,4
24029,4
14079,4
48540,4
67045,4
81315,4
52184,4
60450,4
48993,4
80241,4
82569,4
44614,4
91790,3
38197,2
89269,4
84034,3
84170,4
48709,3
21699,4
6534,3
64291,4
90572,4
29949,4
33878,4
49844,4
37735,2
39279,4
11390,3
52374,4
56409,4
22391,4
25990,4
85654,4
2906,4
82401,4
82376,3
15971,3
60042,4
59131,2
46577,4
1558,4
5416,4
81535,4
49760,4
7253,2
38137,4
35760,4
44074,4
73785,4
12714,4
89113,4
42655,4
72588,4
28080,5
16175,4
57937,4
85843,4
56323,4
32433,4
93872,4
40962,4
23101,4
70191,4
83950,4
28119,3
79454,3
48417,4
37964,3
55225,4
88424,4
18973,4
77010,4
17394,4
85661,4
94987,4
66058,4
32291,4
40429,4
23744,4
9280,4
31554,4
74745,4
52959,4
14587,4
77297,4
26590,4
19701,4
57705,4
17318,4
21861,4
6048,2
80132,4
67457,4
46655,3
61520,4
73530,4
66564,4
38948,2
68937,4
63347,4
33654,4
17735,4
86171,4
69217,4
55069,1
9489,1
13293,3
89020,4
16624,4
5981,3
21284,4
30553,4
59724,4
46747,4
22764,4
72395,4
33061,4
4460,4
39744,4
31041,4
78678,4
47874,2
77628,1
47938,3
13692,4
6856,4
34929,4
17334,4
14520,3
31173,3
47881,4
73396,4
58283,4
24633,3
92573,4
33815,2
86295,4
35234,4
89261,4
18713,4
71072,4
48714,4
10369,3
47308,4
27603,3
8306,4
19782,2
24042,4
12119,4
68962,4
33647,4
12965,4
23939,4
71641,4
79156,4
6130,4
37504,4
21771,4
90557,4
50617,4
61404,4
42256,4
18871,4
47081,3
30853,4
37106,4
68363,4
36160,3
56250,4
48267,4
27002,4
45025,4
24030,4
48712,4
32807,4
85428,4
89906,3
70770,3
32820,3
53646,4
2230,4
45631,4
38456,4
1409,4
93774,4
11101,4
5139,4
16564,4
